date,category,amount,type,description,year
2020-01-02,Food & Drink,1485.69,Expense,Score each.,2020
2020-01-02,Utilities,1475.58,Expense,Quality throughout.,2020
2020-01-04,Rent,1185.08,Expense,Instead ahead despite measure ago.,2020
2020-01-05,Investment,2291.0,Income,Information last everything thank serve.,2020
2020-01-13,Food & Drink,1126.88,Expense,Future choice whatever from.,2020
2020-01-14,Shopping,448.68,Expense,Benefit suggest page southern.,2020
2020-01-18,Food & Drink,1520.03,Expense,By two bad fall pick.,2020
2020-01-19,Other,3287.0,Income,Court attorney product significant world.,2020
2020-01-21,Entertainment,1914.85,Expense,Herself law.,2020
2020-01-25,Rent,766.06,Expense,Have decide environment.,2020
2020-01-25,Health & Fitness,1211.41,Expense,Play move each left establish.,2020
2020-01-26,Income,1077.09,Expense,Range successful simply.,2020
2020-01-29,Shopping,166.81,Expense,Source husband.,2020
2020-01-30,Health & Fitness,1158.93,Expense,Tree note responsibility.,2020
2020-01-31,Food & Drink,1325.91,Expense,How trip learn enter.,2020
2020-01-31,Rent,1712.08,Expense,Much section investment on gun.,2020
2020-01-31,Shopping,563.17,Expense,Management sense technology check civil.,2020
2020-02-02,Health & Fitness,333.68,Expense,As high you more wife.,2020
2020-02-04,Travel,1406.62,Expense,Race mr.,2020
2020-02-05,Rent,1222.17,Expense,Born itself law west.,2020
2020-02-05,Investment,1838.0,Income,Seven medical blood personal.,2020
2020-02-07,Travel,1979.15,Expense,Current hear claim well two.,2020
2020-02-07,Entertainment,1372.38,Expense,Food affect upon these story.,2020
2020-02-08,Food & Drink,465.81,Expense,Around there water.,2020
2020-02-08,Other,3786.0,Income,Staff within mouth call.,2020
2020-02-09,Entertainment,1827.14,Expense,Close month parent who up.,2020
2020-02-11,Health & Fitness,433.13,Expense,Human public health.,2020
2020-02-13,Income,294.31,Expense,Building different full open.,2020
2020-02-15,Other,4009.0,Income,Detail audience piece director town.,2020
2020-02-16,Shopping,730.37,Expense,Method everything.,2020
2020-02-16,Utilities,1023.96,Expense,Much rich think.,2020
2020-02-18,Investment,1398.0,Income,Drug list imagine behind.,2020
2020-02-19,Investment,3958.0,Income,Interest level rock pull.,2020
2020-02-20,Shopping,769.42,Expense,I fund.,2020
2020-02-26,Travel,1942.45,Expense,Court movie cell.,2020
2020-02-27,Food & Drink,1363.76,Expense,Leg themselves away.,2020
2020-02-28,Other,3286.0,Income,Anything yourself.,2020
2020-02-28,Other,1795.0,Income,Unit support.,2020
2020-02-29,Travel,1944.06,Expense,Magazine degree husband around.,2020
2020-03-03,Rent,1742.33,Expense,World enter.,2020
2020-03-04,Entertainment,314.15,Expense,Institution whatever yet.,2020
2020-03-04,Food & Drink,1201.9,Expense,Choice father why often.,2020
2020-03-09,Rent,1858.91,Expense,Security arm.,2020
2020-03-09,Travel,486.51,Expense,Me system church whether.,2020
2020-03-11,Rent,180.45,Expense,Attention attack technology.,2020
2020-03-11,Rent,1956.19,Expense,Walk now often.,2020
2020-03-12,Utilities,265.5,Expense,Bank price north first end.,2020
2020-03-12,Utilities,537.46,Expense,Enter capital population.,2020
2020-03-14,Shopping,1929.08,Expense,Upon very act perform.,2020
2020-03-15,Entertainment,1428.77,Expense,Available defense.,2020
2020-03-18,Health & Fitness,881.82,Expense,Value thing these.,2020
2020-03-21,Rent,503.33,Expense,Citizen street region.,2020
2020-03-23,Investment,2385.0,Income,Property never.,2020
2020-03-23,Food & Drink,151.28,Expense,Enough threat score.,2020
2020-03-24,Entertainment,144.13,Expense,Example decision garden.,2020
2020-03-28,Other,1080.0,Income,Major town suffer begin.,2020
2020-04-01,Travel,1341.27,Expense,Analysis four capital.,2020
2020-04-05,Utilities,1449.47,Expense,Scientist necessary into.,2020
2020-04-06,Income,493.56,Expense,Away third.,2020
2020-04-06,Shopping,388.92,Expense,Along hard need involve among.,2020
2020-04-10,Other,3402.0,Income,Together decide.,2020
2020-04-17,Income,1729.04,Expense,Government nice.,2020
2020-04-17,Investment,996.0,Income,See understand door class son.,2020
2020-04-18,Health & Fitness,1603.18,Expense,Agent say forward us.,2020
2020-04-22,Investment,2058.0,Income,City red him.,2020
2020-04-23,Utilities,849.54,Expense,Develop staff least figure.,2020
2020-04-25,Entertainment,1750.23,Expense,Age cover foreign.,2020
2020-04-26,Investment,914.0,Income,Go meeting quickly.,2020
2020-04-26,Food & Drink,1938.3,Expense,Voice boy wife condition.,2020
2020-04-27,Entertainment,340.96,Expense,Board its.,2020
2020-04-27,Entertainment,1730.65,Expense,Paper memory history office.,2020
2020-04-29,Utilities,764.16,Expense,Remember ability.,2020
2020-04-30,Travel,1853.77,Expense,Hair attorney professional.,2020
2020-05-01,Travel,851.78,Expense,Finish summer rest feel finally.,2020
2020-05-03,Income,318.05,Expense,I fast camera inside.,2020
2020-05-03,Food & Drink,1162.57,Expense,Past feeling nature.,2020
2020-05-05,Health & Fitness,123.76,Expense,Expert involve oil.,2020
2020-05-06,Utilities,123.19,Expense,Kid put memory soldier.,2020
2020-05-06,Utilities,146.36,Expense,Exist professional.,2020
2020-05-07,Investment,3807.0,Income,Stand seem.,2020
2020-05-11,Investment,825.0,Income,Southern challenge animal.,2020
2020-05-12,Shopping,1318.17,Expense,Sure authority increase picture create.,2020
2020-05-13,Health & Fitness,1870.07,Expense,Hundred challenge reach throughout.,2020
2020-05-14,Health & Fitness,484.99,Expense,Despite sound receive let.,2020
2020-05-15,Travel,919.88,Expense,True building card.,2020
2020-05-16,Rent,28.54,Expense,Write other wear through partner.,2020
2020-05-17,Rent,155.79,Expense,Store natural today season.,2020
2020-05-19,Travel,273.59,Expense,Else easy point she.,2020
2020-05-20,Rent,1759.75,Expense,Phone ever back experience.,2020
2020-05-21,Utilities,881.99,Expense,Floor music catch discuss.,2020
2020-05-25,Travel,1227.24,Expense,Ask imagine my.,2020
2020-05-27,Food & Drink,1339.05,Expense,Deal information.,2020
2020-05-28,Rent,1878.47,Expense,Task she.,2020
2020-05-29,Investment,1376.0,Income,Accept goal send table.,2020
2020-05-30,Utilities,551.97,Expense,Section national owner determine detail.,2020
2020-05-31,Health & Fitness,415.16,Expense,Ahead from quickly identify.,2020
2020-05-31,Travel,1015.76,Expense,Try wonder move trade.,2020
2020-06-01,Food & Drink,193.67,Expense,Base investment.,2020
2020-06-02,Travel,97.73,Expense,Anyone here deep.,2020
2020-06-05,Utilities,1277.86,Expense,Seven here sell story.,2020
2020-06-06,Income,1107.84,Expense,Like see.,2020
2020-06-07,Food & Drink,232.63,Expense,Difference attention whatever american.,2020
2020-06-08,Utilities,1095.72,Expense,Current after charge.,2020
2020-06-09,Utilities,865.28,Expense,Prove nor design record.,2020
2020-06-09,Other,826.0,Income,Paper white responsibility.,2020
2020-06-10,Entertainment,1367.31,Expense,Blue agent find.,2020
2020-06-10,Health & Fitness,1562.43,Expense,Walk cup option store.,2020
2020-06-11,Shopping,1947.94,Expense,Recent feeling.,2020
2020-06-11,Entertainment,1730.57,Expense,Site girl into have media.,2020
2020-06-12,Utilities,1764.02,Expense,Support state.,2020
2020-06-14,Other,3872.0,Income,Whether player stock religious.,2020
2020-06-15,Entertainment,540.94,Expense,Safe whole establish.,2020
2020-06-18,Rent,771.26,Expense,Let stay or focus.,2020
2020-06-18,Other,2322.0,Income,Everything late.,2020
2020-06-18,Other,3364.0,Income,Particular her agreement surface consider.,2020
2020-06-19,Entertainment,453.62,Expense,Something future they red.,2020
2020-06-19,Shopping,663.24,Expense,Act way beat result major.,2020
2020-06-21,Travel,708.78,Expense,Position make society behavior.,2020
2020-06-21,Health & Fitness,1879.08,Expense,Reality fill ok list.,2020
2020-06-22,Other,1962.0,Income,International second former reflect.,2020
2020-06-22,Travel,86.13,Expense,Edge building court.,2020
2020-06-24,Health & Fitness,1459.8,Expense,Week real course school everybody.,2020
2020-06-30,Rent,776.54,Expense,Executive beyond create dinner conference.,2020
2020-06-30,Travel,98.33,Expense,Call animal approach factor want.,2020
2020-07-02,Entertainment,734.8,Expense,Their off.,2020
2020-07-03,Other,3071.0,Income,Key continue anything wait.,2020
2020-07-04,Rent,1442.31,Expense,State husband.,2020
2020-07-05,Travel,1337.12,Expense,Picture approach chance none fight.,2020
2020-07-06,Travel,1113.28,Expense,Newspaper indicate other.,2020
2020-07-06,Other,1925.0,Income,Herself training father open investment.,2020
2020-07-08,Travel,818.09,Expense,Art whether between several personal.,2020
2020-07-11,Travel,580.96,Expense,Church community.,2020
2020-07-12,Health & Fitness,935.33,Expense,Able late order.,2020
2020-07-12,Entertainment,1027.24,Expense,Discuss religious.,2020
2020-07-13,Utilities,1321.11,Expense,Reach under.,2020
2020-07-17,Health & Fitness,195.84,Expense,Boy different chance enter.,2020
2020-07-20,Entertainment,1348.86,Expense,Arrive society.,2020
2020-07-21,Entertainment,303.23,Expense,Keep light fight.,2020
2020-07-21,Other,1096.0,Income,Matter management ball.,2020
2020-07-22,Entertainment,1439.51,Expense,Same page ago director.,2020
2020-07-22,Shopping,495.53,Expense,Week yourself public especially american.,2020
2020-07-22,Food & Drink,1786.39,Expense,Million kind everything young.,2020
2020-07-23,Rent,1559.06,Expense,Why like impact fly.,2020
2020-07-24,Income,109.93,Expense,Form really explain.,2020
2020-07-28,Rent,918.36,Expense,Already because education break significant.,2020
2020-07-28,Health & Fitness,1900.58,Expense,Price my.,2020
2020-07-29,Shopping,1662.83,Expense,Could gun.,2020
2020-07-30,Utilities,1489.87,Expense,Kind appear environment capital explain.,2020
2020-07-31,Travel,1506.04,Expense,Ahead picture son.,2020
2020-08-01,Travel,1533.97,Expense,Nearly need behavior.,2020
2020-08-01,Entertainment,556.45,Expense,Water positive child usually.,2020
2020-08-01,Other,2420.0,Income,Relate indeed lot line lead.,2020
2020-08-02,Health & Fitness,1787.12,Expense,Course out second carry.,2020
2020-08-03,Investment,2394.0,Income,Significant take future.,2020
2020-08-04,Utilities,1415.77,Expense,Star executive fear.,2020
2020-08-04,Other,3210.0,Income,Your majority chance mrs generation.,2020
2020-08-04,Shopping,133.91,Expense,Help usually thank wonder draw.,2020
2020-08-05,Shopping,1810.63,Expense,Task improve fish.,2020
2020-08-05,Food & Drink,1714.9,Expense,History professional star wonder.,2020
2020-08-06,Shopping,959.19,Expense,Call whole.,2020
2020-08-08,Travel,1509.42,Expense,Them key.,2020
2020-08-08,Shopping,1081.06,Expense,Address century that wide.,2020
2020-08-09,Entertainment,981.58,Expense,Sit enter perhaps however.,2020
2020-08-13,Income,67.76,Expense,System teacher here first.,2020
2020-08-14,Shopping,1451.12,Expense,Along attention piece tv young.,2020
2020-08-16,Utilities,1961.64,Expense,Within set region beyond.,2020
2020-08-17,Shopping,1187.87,Expense,Tough animal someone.,2020
2020-08-18,Rent,1289.07,Expense,Hear certainly most not.,2020
2020-08-19,Other,1988.0,Income,Company participant him.,2020
2020-08-20,Other,3181.0,Income,Tree central leave effect.,2020
2020-08-21,Health & Fitness,681.63,Expense,Together let.,2020
2020-08-21,Travel,1506.5,Expense,Citizen kid generation onto police.,2020
2020-08-22,Travel,1671.47,Expense,Lead few yourself.,2020
2020-08-22,Food & Drink,1999.82,Expense,Down occur.,2020
2020-08-26,Rent,1564.65,Expense,Yeah far within.,2020
2020-08-27,Food & Drink,1899.73,Expense,Account ten sing.,2020
2020-08-27,Investment,1748.0,Income,Seat strategy total simply discover.,2020
2020-08-29,Income,1342.22,Expense,Pm per question.,2020
2020-08-30,Entertainment,935.42,Expense,Best physical always small almost.,2020
2020-08-31,Health & Fitness,343.9,Expense,Bed far section.,2020
2020-09-01,Rent,1557.81,Expense,Car much will.,2020
2020-09-05,Other,1385.0,Income,Tree store either station.,2020
2020-09-05,Travel,1155.84,Expense,Second full boy.,2020
2020-09-06,Shopping,799.34,Expense,Senior difficult put.,2020
2020-09-07,Rent,1188.27,Expense,Hand so add mr lawyer.,2020
2020-09-08,Entertainment,212.78,Expense,Herself police he push likely.,2020
2020-09-11,Rent,1594.49,Expense,Trip determine as statement.,2020
2020-09-11,Food & Drink,700.94,Expense,Bring animal also you.,2020
2020-09-11,Health & Fitness,147.22,Expense,Doctor mr.,2020
2020-09-16,Food & Drink,1700.66,Expense,He we recent music.,2020
2020-09-17,Rent,872.71,Expense,Those pressure street.,2020
2020-09-17,Income,1417.54,Expense,Allow have kitchen.,2020
2020-09-18,Travel,1235.67,Expense,Between rate name within.,2020
2020-09-18,Income,935.1,Expense,Huge couple.,2020
2020-09-22,Travel,651.39,Expense,Begin deep police wife.,2020
2020-09-22,Rent,565.07,Expense,During call north attention.,2020
2020-09-22,Income,1144.0,Expense,Only spend do.,2020
2020-09-23,Health & Fitness,67.11,Expense,Able teach certain candidate economy.,2020
2020-09-23,Utilities,980.22,Expense,Produce ago.,2020
2020-09-25,Travel,687.27,Expense,So draw food company.,2020
2020-09-27,Travel,1116.02,Expense,Score moment second.,2020
2020-09-27,Entertainment,180.37,Expense,Sing message board mean.,2020
2020-09-27,Income,1114.8,Expense,Feeling poor all your suggest.,2020
2020-09-29,Income,1295.35,Expense,Make travel.,2020
2020-09-30,Food & Drink,195.18,Expense,Focus chance.,2020
2020-10-01,Entertainment,619.35,Expense,Person one republican.,2020
2020-10-03,Income,1111.41,Expense,Most law painting between reduce.,2020
2020-10-04,Health & Fitness,710.1,Expense,Involve thousand including.,2020
2020-10-07,Travel,510.29,Expense,Indeed believe interview professor.,2020
2020-10-07,Investment,3084.0,Income,Rather listen before.,2020
2020-10-07,Investment,2069.0,Income,It season.,2020
2020-10-08,Income,560.23,Expense,News only no.,2020
2020-10-08,Travel,1961.22,Expense,Improve them wait.,2020
2020-10-10,Travel,462.69,Expense,Why outside.,2020
2020-10-10,Investment,4875.0,Income,Official defense.,2020
2020-10-10,Investment,946.0,Income,Suggest glass news.,2020
2020-10-12,Utilities,1279.36,Expense,Off southern suddenly.,2020
2020-10-14,Rent,1746.71,Expense,Participant price.,2020
2020-10-15,Income,962.64,Expense,Congress reflect.,2020
2020-10-16,Food & Drink,512.43,Expense,Go consider century price.,2020
2020-10-16,Rent,1646.01,Expense,Scientist will begin.,2020
2020-10-16,Rent,1158.27,Expense,Heavy law church.,2020
2020-10-18,Utilities,306.9,Expense,Since nothing be apply.,2020
2020-10-19,Travel,179.51,Expense,Anyone bank kitchen interest parent.,2020
2020-10-23,Shopping,1216.57,Expense,Democratic mention generation.,2020
2020-10-24,Entertainment,1553.63,Expense,Question or money.,2020
2020-10-26,Income,601.73,Expense,Determine worker.,2020
2020-10-27,Shopping,617.71,Expense,Daughter war.,2020
2020-10-27,Rent,1895.7,Expense,Face build market.,2020
2020-10-27,Entertainment,536.65,Expense,Can mouth discover.,2020
2020-10-28,Investment,1923.0,Income,Author technology amount affect.,2020
2020-10-29,Utilities,15.32,Expense,Office of remember individual.,2020
2020-10-30,Income,589.61,Expense,Again foot soon peace.,2020
2020-10-31,Travel,1408.95,Expense,Join black.,2020
2020-11-01,Entertainment,1848.58,Expense,Hundred bad that second develop.,2020
2020-11-01,Entertainment,856.03,Expense,Member box.,2020
2020-11-02,Utilities,1817.74,Expense,Town glass road.,2020
2020-11-04,Rent,128.68,Expense,Bill eight community.,2020
2020-11-06,Travel,883.92,Expense,Concern significant.,2020
2020-11-07,Travel,1402.47,Expense,Senior service large under.,2020
2020-11-09,Income,881.14,Expense,Follow wife firm key light.,2020
2020-11-10,Shopping,1471.72,Expense,Option goal avoid.,2020
2020-11-10,Food & Drink,191.74,Expense,Also hard expert popular.,2020
2020-11-12,Food & Drink,1999.15,Expense,Order his oil west school.,2020
2020-11-12,Travel,1156.73,Expense,Training occur could painting.,2020
2020-11-14,Utilities,946.3,Expense,Whatever late specific.,2020
2020-11-14,Travel,371.16,Expense,Mean common.,2020
2020-11-14,Income,1938.42,Expense,Yard model particular hair.,2020
2020-11-14,Shopping,673.28,Expense,Impact full our smile.,2020
2020-11-15,Utilities,666.31,Expense,Form newspaper.,2020
2020-11-15,Travel,1328.54,Expense,Edge surface who.,2020
2020-11-16,Food & Drink,915.1,Expense,Bank professional true financial.,2020
2020-11-16,Health & Fitness,240.68,Expense,Organization visit finally.,2020
2020-11-17,Food & Drink,1318.74,Expense,Spend prove stock school.,2020
2020-11-20,Shopping,117.87,Expense,Position interest.,2020
2020-11-22,Income,1254.56,Expense,Guy congress.,2020
2020-11-23,Entertainment,541.44,Expense,Way main difficult case.,2020
2020-11-25,Other,4089.0,Income,Such big side.,2020
2020-11-25,Income,251.64,Expense,Product then.,2020
2020-11-26,Entertainment,1422.47,Expense,Heavy class story side speak.,2020
2020-11-27,Food & Drink,1108.98,Expense,Analysis hair rest wide.,2020
2020-11-27,Investment,4280.0,Income,Doctor dream whole six.,2020
2020-11-29,Utilities,1001.77,Expense,Question now key show.,2020
2020-12-01,Travel,836.83,Expense,Month whom stage soon.,2020
2020-12-05,Income,495.02,Expense,Appear lose he.,2020
2020-12-05,Shopping,389.31,Expense,Surface expect several evening town.,2020
2020-12-06,Utilities,1729.41,Expense,Begin treat stage this.,2020
2020-12-10,Shopping,686.35,Expense,Apply maybe dog yes.,2020
2020-12-10,Travel,1642.89,Expense,Agreement us stuff.,2020
2020-12-11,Travel,1676.58,Expense,Case expert stop.,2020
2020-12-12,Income,1731.87,Expense,Large accept bad eight.,2020
2020-12-13,Income,696.8,Expense,Vote participant institution simply down.,2020
2020-12-14,Shopping,916.14,Expense,Draw police.,2020
2020-12-14,Entertainment,1961.74,Expense,Book toward.,2020
2020-12-16,Shopping,474.79,Expense,Place offer.,2020
2020-12-16,Food & Drink,643.17,Expense,Investment pass drive.,2020
2020-12-16,Shopping,778.3,Expense,Professor beat window.,2020
2020-12-18,Utilities,995.7,Expense,Name skill medical after them.,2020
2020-12-18,Other,1322.0,Income,Wonder effect administration small.,2020
2020-12-20,Income,208.43,Expense,Run pick sign.,2020
2020-12-20,Food & Drink,1447.66,Expense,And national spend.,2020
2020-12-22,Utilities,158.91,Expense,Wonder long consider care.,2020
2020-12-23,Travel,683.74,Expense,Fall analysis.,2020
2020-12-23,Rent,1705.01,Expense,Firm financial.,2020
2020-12-24,Shopping,1908.74,Expense,List already positive experience television.,2020
2020-12-25,Income,1746.04,Expense,Event son join hundred.,2020
2020-12-26,Investment,2423.0,Income,Fund cost reality happen.,2020
2020-12-28,Travel,1994.88,Expense,Song risk bad.,2020
2020-12-30,Shopping,1956.89,Expense,Family bill foreign fast knowledge.,2020
2020-12-31,Rent,892.92,Expense,Ready goal amount.,2020
2021-01-01,Food & Drink,101.52,Expense,Your ever woman way avoid.,2021
2021-01-06,Travel,723.34,Expense,Message seek civil all.,2021
2021-01-06,Entertainment,1067.02,Expense,Call door.,2021
2021-01-08,Utilities,348.27,Expense,Him note painting quickly.,2021
2021-01-10,Other,2472.0,Income,Know baby case happen.,2021
2021-01-10,Utilities,472.06,Expense,Economic box save.,2021
2021-01-11,Income,518.1,Expense,Hit no energy employee land.,2021
2021-01-12,Other,2856.0,Income,Customer career available common.,2021
2021-01-13,Utilities,156.99,Expense,Specific whose.,2021
2021-01-13,Travel,1281.49,Expense,Remember nearly face feel.,2021
2021-01-14,Travel,919.1,Expense,Soldier meeting building.,2021
2021-01-14,Shopping,1708.14,Expense,Door management guess.,2021
2021-01-15,Other,3440.0,Income,Level work candidate this.,2021
2021-01-15,Travel,53.66,Expense,Huge response long.,2021
2021-01-17,Shopping,556.22,Expense,Statement available win politics.,2021
2021-01-17,Food & Drink,1822.13,Expense,Quite general there sister.,2021
2021-01-19,Travel,1553.72,Expense,Item treat area.,2021
2021-01-20,Health & Fitness,445.82,Expense,Check clearly follow remember generation.,2021
2021-01-24,Other,1620.0,Income,Suffer economy play.,2021
2021-01-26,Food & Drink,624.78,Expense,By field move.,2021
2021-01-27,Health & Fitness,1467.4,Expense,Option oil commercial.,2021
2021-01-27,Other,3176.0,Income,American tell ball we side.,2021
2021-01-27,Utilities,409.58,Expense,Short indicate police.,2021
2021-01-27,Health & Fitness,1066.4,Expense,Nation politics few each southern.,2021
2021-01-29,Utilities,521.37,Expense,Law read citizen.,2021
2021-02-02,Income,1935.09,Expense,Less future century technology.,2021
2021-02-05,Health & Fitness,1610.42,Expense,Wish candidate have no.,2021
2021-02-05,Rent,290.11,Expense,Letter environment easy.,2021
2021-02-08,Shopping,1934.87,Expense,Face his.,2021
2021-02-08,Health & Fitness,189.7,Expense,While total spend.,2021
2021-02-09,Travel,1077.78,Expense,Couple city you level.,2021
2021-02-09,Travel,1173.27,Expense,Age war measure whom.,2021
2021-02-11,Health & Fitness,225.61,Expense,Good anything manager think pressure.,2021
2021-02-11,Food & Drink,1242.9,Expense,Mr suggest issue.,2021
2021-02-13,Health & Fitness,1831.36,Expense,Shake hand hundred now.,2021
2021-02-16,Rent,1274.45,Expense,Network available mean share.,2021
2021-02-18,Travel,1301.99,Expense,Quite budget window hour some.,2021
2021-02-19,Investment,804.0,Income,Voice sense current meeting matter.,2021
2021-02-20,Income,241.08,Expense,Case four.,2021
2021-02-21,Utilities,783.41,Expense,Lead paper middle foreign party.,2021
2021-02-23,Shopping,1178.81,Expense,Wrong school federal from.,2021
2021-02-24,Shopping,1313.29,Expense,Majority none little admit former.,2021
2021-02-27,Shopping,1878.72,Expense,On someone rise read.,2021
2021-02-28,Health & Fitness,442.37,Expense,Listen whose situation simply officer.,2021
2021-03-02,Entertainment,1712.35,Expense,Lose modern return simple herself.,2021
2021-03-02,Other,4960.0,Income,Occur red.,2021
2021-03-02,Health & Fitness,130.49,Expense,Kid industry.,2021
2021-03-04,Rent,1898.53,Expense,Improve simple turn.,2021
2021-03-05,Rent,1328.91,Expense,Million night your.,2021
2021-03-05,Food & Drink,110.65,Expense,Heavy what least mouth national.,2021
2021-03-07,Utilities,1576.09,Expense,Machine whatever everything fear walk.,2021
2021-03-07,Entertainment,1176.9,Expense,Relate real major.,2021
2021-03-08,Entertainment,663.83,Expense,Night various return explain.,2021
2021-03-09,Investment,2771.0,Income,Here woman stand west source.,2021
2021-03-09,Utilities,1975.18,Expense,Explain research.,2021
2021-03-10,Utilities,228.75,Expense,Pretty section degree still.,2021
2021-03-12,Utilities,39.57,Expense,Receive case past only drug.,2021
2021-03-15,Entertainment,1181.82,Expense,Point appear including.,2021
2021-03-15,Other,929.0,Income,Race case.,2021
2021-03-16,Other,4809.0,Income,Imagine various there.,2021
2021-03-16,Investment,4401.0,Income,Sense expert experience.,2021
2021-03-17,Health & Fitness,1031.34,Expense,Present discussion.,2021
2021-03-17,Investment,855.0,Income,Individual study value.,2021
2021-03-18,Travel,921.5,Expense,Small control see the.,2021
2021-03-19,Food & Drink,1997.19,Expense,Across nothing.,2021
2021-03-20,Shopping,1375.33,Expense,Expect writer myself management.,2021
2021-03-21,Income,156.25,Expense,Life cover both class.,2021
2021-03-22,Investment,1038.0,Income,Responsibility add front.,2021
2021-03-22,Other,3620.0,Income,Purpose cover particularly police if.,2021
2021-03-22,Travel,912.89,Expense,Foreign husband believe word local.,2021
2021-03-23,Rent,1588.26,Expense,End dog.,2021
2021-03-23,Investment,4023.0,Income,Few reveal activity president.,2021
2021-03-24,Entertainment,833.49,Expense,Property let.,2021
2021-03-25,Shopping,837.82,Expense,Rather type thousand show.,2021
2021-03-26,Other,3060.0,Income,Happen determine whatever.,2021
2021-03-27,Health & Fitness,1907.65,Expense,Lawyer writer health.,2021
2021-03-28,Income,143.6,Expense,Serious soon stay seven.,2021
2021-03-29,Rent,869.43,Expense,Land region back nor article.,2021
2021-03-30,Health & Fitness,1625.42,Expense,Dark mr clearly take.,2021
2021-04-01,Health & Fitness,1343.33,Expense,Quite response.,2021
2021-04-02,Shopping,1737.5,Expense,Together knowledge.,2021
2021-04-03,Travel,1204.82,Expense,Car indeed nor next.,2021
2021-04-03,Entertainment,317.91,Expense,How staff.,2021
2021-04-03,Rent,706.73,Expense,Authority interest red must art.,2021
2021-04-08,Rent,1527.59,Expense,All important shoulder she.,2021
2021-04-08,Shopping,1691.86,Expense,Year him thank trade.,2021
2021-04-09,Food & Drink,1221.9,Expense,Radio product.,2021
2021-04-11,Travel,67.62,Expense,President girl condition.,2021
2021-04-11,Travel,1843.86,Expense,More road development about.,2021
2021-04-12,Utilities,1741.03,Expense,Leg rest interest.,2021
2021-04-13,Shopping,148.47,Expense,Easy get every.,2021
2021-04-18,Food & Drink,192.6,Expense,Special information.,2021
2021-04-19,Shopping,845.47,Expense,Deal beyond almost.,2021
2021-04-19,Health & Fitness,630.16,Expense,Scientist i doctor.,2021
2021-04-19,Rent,1767.85,Expense,Cell year.,2021
2021-04-19,Investment,1168.0,Income,Five our pull fly few.,2021
2021-04-21,Shopping,976.47,Expense,Determine feel article we they.,2021
2021-04-23,Travel,438.98,Expense,Quickly new another general poor.,2021
2021-04-23,Health & Fitness,865.53,Expense,Five indicate chance heavy senior.,2021
2021-04-24,Income,1058.6,Expense,Support feeling remain.,2021
2021-04-27,Entertainment,796.57,Expense,None whose.,2021
2021-04-27,Food & Drink,416.8,Expense,Care drug data position two.,2021
2021-04-27,Utilities,1530.68,Expense,Movie stop.,2021
2021-04-30,Rent,25.38,Expense,Help painting always.,2021
2021-05-02,Utilities,267.08,Expense,Source onto provide.,2021
2021-05-04,Entertainment,1005.52,Expense,Decade trade field training.,2021
2021-05-04,Health & Fitness,153.43,Expense,While bring yourself.,2021
2021-05-06,Food & Drink,878.08,Expense,Receive region however.,2021
2021-05-07,Rent,1725.6,Expense,Focus executive letter possible final.,2021
2021-05-07,Shopping,1421.9,Expense,Third letter sort reveal seven.,2021
2021-05-07,Rent,816.01,Expense,Have including none.,2021
2021-05-10,Utilities,1604.63,Expense,Administration network once.,2021
2021-05-11,Health & Fitness,185.38,Expense,Charge form here.,2021
2021-05-11,Entertainment,877.0,Expense,Nearly want front shake.,2021
2021-05-12,Rent,797.58,Expense,Leave run goal cause.,2021
2021-05-14,Health & Fitness,450.93,Expense,Contain threat wrong whatever.,2021
2021-05-14,Rent,1025.86,Expense,Stuff avoid.,2021
2021-05-15,Investment,3362.0,Income,Include successful.,2021
2021-05-17,Utilities,480.18,Expense,Religious across.,2021
2021-05-19,Investment,1921.0,Income,Health pay project pattern.,2021
2021-05-22,Rent,362.52,Expense,Administration mother in admit.,2021
2021-05-23,Income,933.27,Expense,Within admit spend purpose south.,2021
2021-05-24,Income,1365.46,Expense,Truth modern.,2021
2021-05-24,Health & Fitness,1729.85,Expense,People education great.,2021
2021-05-24,Utilities,885.13,Expense,Health image.,2021
2021-05-25,Travel,1594.7,Expense,Wrong difficult range.,2021
2021-05-25,Health & Fitness,1019.6,Expense,Behavior here.,2021
2021-05-27,Income,84.84,Expense,Argue act commercial matter.,2021
2021-05-27,Travel,162.69,Expense,Not teach believe month.,2021
2021-05-29,Rent,1233.87,Expense,Deep test thought.,2021
2021-05-30,Income,1164.86,Expense,Another avoid understand.,2021
2021-05-31,Food & Drink,904.97,Expense,Probably conference sure administration debate.,2021
2021-05-31,Entertainment,649.84,Expense,Up federal nor note.,2021
2021-06-02,Utilities,1915.87,Expense,Forward sense cause write right.,2021
2021-06-02,Health & Fitness,1964.95,Expense,Approach join stuff future.,2021
2021-06-03,Investment,820.0,Income,Ahead event yeah make.,2021
2021-06-06,Income,1982.06,Expense,Wait it quickly produce beat.,2021
2021-06-06,Utilities,734.16,Expense,Require bank child.,2021
2021-06-06,Shopping,823.45,Expense,First blood accept final.,2021
2021-06-09,Food & Drink,1580.56,Expense,Bill beautiful issue.,2021
2021-06-11,Rent,666.08,Expense,Mention billion bed never others.,2021
2021-06-11,Shopping,575.45,Expense,Activity including single right.,2021
2021-06-14,Utilities,673.39,Expense,Occur college herself.,2021
2021-06-15,Utilities,1834.33,Expense,Feeling manage as.,2021
2021-06-16,Shopping,266.61,Expense,Inside machine baby.,2021
2021-06-20,Rent,626.07,Expense,Result many pattern.,2021
2021-06-20,Health & Fitness,1628.24,Expense,Career according.,2021
2021-06-22,Rent,1295.59,Expense,Success here television key.,2021
2021-06-23,Health & Fitness,46.28,Expense,Carry fly water cut fire.,2021
2021-06-24,Entertainment,690.05,Expense,Fact reason make office.,2021
2021-06-26,Entertainment,460.82,Expense,Heavy staff hotel box.,2021
2021-06-27,Investment,2923.0,Income,Or nation race.,2021
2021-06-28,Rent,1020.3,Expense,Well left.,2021
2021-06-28,Food & Drink,1327.24,Expense,Something story attorney summer.,2021
2021-06-28,Utilities,1198.52,Expense,Cause field education child.,2021
2021-06-28,Investment,1856.0,Income,Available wrong look husband.,2021
2021-06-29,Food & Drink,827.61,Expense,Myself so growth time.,2021
2021-07-04,Entertainment,1939.48,Expense,Point be shoulder price great.,2021
2021-07-04,Income,475.67,Expense,Worker quality hundred sell whole.,2021
2021-07-04,Income,1808.91,Expense,Action else.,2021
2021-07-06,Other,4282.0,Income,Newspaper reach determine hear leg.,2021
2021-07-07,Shopping,1010.78,Expense,General agency bit.,2021
2021-07-09,Utilities,1635.61,Expense,Break wait.,2021
2021-07-09,Utilities,1747.27,Expense,Find lay deal lot.,2021
2021-07-10,Other,3540.0,Income,Just recent.,2021
2021-07-10,Rent,1425.69,Expense,Feel special.,2021
2021-07-11,Rent,577.28,Expense,Support possible.,2021
2021-07-11,Travel,904.15,Expense,Might necessary former.,2021
2021-07-11,Shopping,192.51,Expense,Discussion if continue policy.,2021
2021-07-12,Income,1770.41,Expense,Ahead pass culture or.,2021
2021-07-13,Shopping,115.98,Expense,Relate day.,2021
2021-07-14,Entertainment,778.47,Expense,Big the cost for leader.,2021
2021-07-15,Investment,730.0,Income,Month police others particularly.,2021
2021-07-19,Rent,1679.96,Expense,Girl suddenly.,2021
2021-07-19,Utilities,283.82,Expense,Try opportunity public.,2021
2021-07-23,Income,1395.18,Expense,Draw bring health.,2021
2021-07-23,Other,4174.0,Income,Home others offer institution main.,2021
2021-07-24,Rent,47.82,Expense,Never majority cell.,2021
2021-07-28,Utilities,1102.12,Expense,People tend weight machine.,2021
2021-07-29,Shopping,231.26,Expense,White measure manager range.,2021
2021-08-02,Travel,252.48,Expense,Major bar air set.,2021
2021-08-06,Income,134.99,Expense,Ever mrs.,2021
2021-08-07,Income,1197.51,Expense,Not significant manager member.,2021
2021-08-07,Investment,1676.0,Income,Environmental myself.,2021
2021-08-08,Food & Drink,1233.47,Expense,State among rest national wrong.,2021
2021-08-09,Shopping,382.75,Expense,Fear yourself last.,2021
2021-08-11,Health & Fitness,144.68,Expense,Keep yes.,2021
2021-08-13,Food & Drink,787.0,Expense,Specific onto go.,2021
2021-08-13,Shopping,1962.27,Expense,Pattern size spend.,2021
2021-08-15,Food & Drink,720.62,Expense,Go exactly much food region.,2021
2021-08-16,Investment,1349.0,Income,Environment teach world quickly believe.,2021
2021-08-18,Health & Fitness,275.49,Expense,Yeah term.,2021
2021-08-20,Health & Fitness,1628.88,Expense,Economic represent stock.,2021
2021-08-21,Other,4420.0,Income,Central plan physical heart.,2021
2021-08-21,Utilities,135.57,Expense,Idea seek.,2021
2021-08-22,Income,83.6,Expense,Wear force able similar.,2021
2021-08-23,Entertainment,1772.72,Expense,Play recently sure somebody.,2021
2021-08-24,Travel,1035.61,Expense,Why station manager.,2021
2021-08-25,Income,514.09,Expense,Front official not.,2021
2021-08-27,Entertainment,579.36,Expense,Thus several animal phone.,2021
2021-08-29,Food & Drink,1732.94,Expense,Buy tax.,2021
2021-09-05,Rent,1600.69,Expense,A when dark read.,2021
2021-09-06,Shopping,1489.18,Expense,City usually ever.,2021
2021-09-09,Shopping,684.68,Expense,Bar professor power.,2021
2021-09-09,Other,3509.0,Income,Personal rise sense investment.,2021
2021-09-09,Travel,1604.28,Expense,Ability live.,2021
2021-09-10,Rent,866.91,Expense,Difficult quite act receive stage.,2021
2021-09-11,Utilities,1095.49,Expense,Local director become.,2021
2021-09-11,Rent,662.56,Expense,Finish thing.,2021
2021-09-11,Income,1209.22,Expense,Similar send card year.,2021
2021-09-11,Income,709.58,Expense,Most across.,2021
2021-09-15,Other,4063.0,Income,Goal defense security turn.,2021
2021-09-16,Food & Drink,159.33,Expense,Beautiful beyond sell.,2021
2021-09-16,Health & Fitness,1031.04,Expense,White fire cause everybody.,2021
2021-09-17,Utilities,1906.05,Expense,Network outside parent.,2021
2021-09-17,Other,785.0,Income,Day parent country.,2021
2021-09-19,Investment,3500.0,Income,Position six soldier.,2021
2021-09-19,Food & Drink,1214.14,Expense,History drop point audience.,2021
2021-09-19,Health & Fitness,750.31,Expense,Value car team nothing.,2021
2021-09-19,Utilities,1063.63,Expense,Raise several west side admit.,2021
2021-09-20,Travel,506.73,Expense,Energy always.,2021
2021-09-21,Investment,4588.0,Income,Media pick may indeed.,2021
2021-09-28,Rent,530.94,Expense,Policy mrs.,2021
2021-10-01,Income,437.0,Expense,Base bad tv.,2021
2021-10-07,Income,408.35,Expense,Force only shake power poor.,2021
2021-10-08,Investment,4203.0,Income,Role suffer around beat.,2021
2021-10-13,Other,1219.0,Income,Law participant.,2021
2021-10-13,Health & Fitness,1339.0,Expense,Budget remain reduce.,2021
2021-10-13,Travel,1783.75,Expense,Well mission situation result.,2021
2021-10-16,Utilities,1589.46,Expense,Camera sit environmental though.,2021
2021-10-20,Rent,1970.41,Expense,Southern evening ask republican.,2021
2021-10-21,Entertainment,1582.84,Expense,Baby lawyer growth matter note.,2021
2021-10-22,Other,4328.0,Income,Effort bill off.,2021
2021-10-24,Utilities,1227.78,Expense,Scientist able teach.,2021
2021-10-24,Other,3761.0,Income,Animal hair turn.,2021
2021-10-27,Income,1056.13,Expense,Need trial.,2021
2021-10-27,Rent,259.4,Expense,Focus indicate result.,2021
2021-10-30,Rent,905.45,Expense,Number budget.,2021
2021-11-03,Health & Fitness,265.39,Expense,Development middle animal.,2021
2021-11-04,Utilities,1537.89,Expense,Theory tend.,2021
2021-11-05,Investment,1517.0,Income,Beat lead hard factor.,2021
2021-11-05,Travel,337.67,Expense,Drug happy will young simply.,2021
2021-11-06,Entertainment,698.59,Expense,Character usually agency.,2021
2021-11-07,Travel,1693.41,Expense,Player really act friend.,2021
2021-11-10,Travel,259.09,Expense,Billion morning draw.,2021
2021-11-15,Rent,1010.12,Expense,Win central.,2021
2021-11-16,Investment,1902.0,Income,Analysis discuss.,2021
2021-11-17,Health & Fitness,1686.63,Expense,Red head window be.,2021
2021-11-18,Food & Drink,171.63,Expense,Card star avoid nothing.,2021
2021-11-18,Travel,1305.75,Expense,Door end fire.,2021
2021-11-19,Shopping,1240.04,Expense,Fish evening avoid dark.,2021
2021-11-21,Other,2974.0,Income,Choice clearly.,2021
2021-11-21,Shopping,601.89,Expense,Image movie who debate.,2021
2021-11-21,Investment,1794.0,Income,Enter build citizen rather.,2021
2021-11-23,Income,934.24,Expense,Structure foreign before.,2021
2021-11-26,Utilities,632.04,Expense,How any federal star.,2021
2021-11-27,Health & Fitness,1950.99,Expense,Weight take.,2021
2021-11-28,Other,4718.0,Income,Economic left sound cause activity.,2021
2021-12-01,Health & Fitness,491.06,Expense,Cup hundred rather.,2021
2021-12-02,Other,2530.0,Income,Only true avoid young cup.,2021
2021-12-03,Investment,2877.0,Income,Begin suggest speak.,2021
2021-12-03,Shopping,504.06,Expense,Walk anything.,2021
2021-12-08,Utilities,1628.82,Expense,Start house ahead raise.,2021
2021-12-09,Health & Fitness,387.77,Expense,Democrat cost evidence third.,2021
2021-12-09,Other,4585.0,Income,People early far include nearly.,2021
2021-12-11,Income,56.12,Expense,Evidence case.,2021
2021-12-12,Income,1933.71,Expense,Eat yes myself affect him.,2021
2021-12-13,Health & Fitness,106.83,Expense,Name machine tree maybe.,2021
2021-12-13,Income,578.64,Expense,Conference five despite.,2021
2021-12-15,Investment,4030.0,Income,Speak line.,2021
2021-12-15,Other,3496.0,Income,Yourself wind beyond prevent entire.,2021
2021-12-16,Health & Fitness,100.03,Expense,Offer work home.,2021
2021-12-19,Investment,3469.0,Income,Door fish scene.,2021
2021-12-20,Rent,778.83,Expense,Agreement red way nor none.,2021
2021-12-20,Travel,1652.37,Expense,My compare also argue.,2021
2021-12-23,Rent,266.04,Expense,Money a.,2021
2021-12-24,Other,3277.0,Income,Future concern sort.,2021
2021-12-26,Health & Fitness,1512.38,Expense,Against only.,2021
2021-12-28,Other,4596.0,Income,Suffer team.,2021
2021-12-31,Investment,1622.0,Income,Relate product only from.,2021
2022-01-01,Income,1043.47,Expense,Wish run join.,2022
2022-01-03,Investment,3186.0,Income,Company why really up.,2022
2022-01-03,Health & Fitness,333.38,Expense,Program sport her.,2022
2022-01-03,Travel,1191.51,Expense,Concern ability reduce.,2022
2022-01-04,Income,1420.39,Expense,Surface side nothing consider.,2022
2022-01-05,Food & Drink,743.03,Expense,Determine not view cell seat.,2022
2022-01-06,Shopping,1171.57,Expense,Word collection those become.,2022
2022-01-08,Food & Drink,1197.85,Expense,Activity decide really go.,2022
2022-01-09,Entertainment,1445.59,Expense,Answer just.,2022
2022-01-13,Utilities,1053.22,Expense,This manage her.,2022
2022-01-13,Shopping,304.07,Expense,Big look tell prepare.,2022
2022-01-14,Food & Drink,1149.41,Expense,Later son almost.,2022
2022-01-16,Entertainment,47.69,Expense,End bit game thousand.,2022
2022-01-16,Utilities,831.79,Expense,Natural together.,2022
2022-01-18,Income,1746.91,Expense,Order party lot all.,2022
2022-01-18,Food & Drink,1414.49,Expense,Threat church big day couple.,2022
2022-01-21,Health & Fitness,1996.26,Expense,Enter example down anyone occur.,2022
2022-01-21,Shopping,634.37,Expense,Approach about because.,2022
2022-01-22,Other,4975.0,Income,Best deal point.,2022
2022-01-23,Travel,1224.05,Expense,Such final however major.,2022
2022-01-24,Investment,2785.0,Income,Politics hold.,2022
2022-01-28,Entertainment,1883.56,Expense,Hard knowledge enjoy let.,2022
2022-02-01,Travel,1412.75,Expense,Nor character recent.,2022
2022-02-02,Income,640.91,Expense,Property space.,2022
2022-02-05,Travel,582.7,Expense,Dinner article hit mission whole.,2022
2022-02-05,Shopping,1792.56,Expense,Think live bad total research.,2022
2022-02-06,Health & Fitness,1909.67,Expense,Too song quality per build.,2022
2022-02-08,Travel,93.71,Expense,We cold deep.,2022
2022-02-08,Rent,699.26,Expense,Amount bad raise.,2022
2022-02-09,Travel,1497.2,Expense,Challenge organization floor road southern.,2022
2022-02-10,Travel,1866.72,Expense,News need task mind.,2022
2022-02-10,Utilities,227.36,Expense,Onto site both change note.,2022
2022-02-10,Entertainment,492.49,Expense,Understand none.,2022
2022-02-10,Entertainment,1279.51,Expense,Test they there.,2022
2022-02-11,Other,3205.0,Income,Pressure occur list common.,2022
2022-02-14,Rent,1365.57,Expense,Peace race i.,2022
2022-02-17,Investment,3833.0,Income,Real any little environmental.,2022
2022-02-17,Income,960.12,Expense,Full soldier.,2022
2022-02-17,Other,3131.0,Income,Successful teach range.,2022
2022-02-17,Food & Drink,1816.79,Expense,Feel season similar.,2022
2022-02-18,Investment,4883.0,Income,Rock painting become.,2022
2022-02-21,Food & Drink,1827.33,Expense,Tree imagine machine.,2022
2022-02-22,Investment,797.0,Income,Start middle city find.,2022
2022-02-22,Shopping,1578.04,Expense,Career surface these ahead.,2022
2022-02-25,Other,806.0,Income,Student economic lead.,2022
2022-02-27,Investment,3244.0,Income,Ever statement measure.,2022
2022-03-01,Income,1779.63,Expense,Drop major.,2022
2022-03-02,Other,2735.0,Income,Whether listen necessary.,2022
2022-03-04,Investment,3208.0,Income,Study else store.,2022
2022-03-05,Other,2607.0,Income,Agree anyone take.,2022
2022-03-07,Food & Drink,1475.87,Expense,Positive question especially.,2022
2022-03-07,Entertainment,359.23,Expense,After sister should across treatment.,2022
2022-03-12,Shopping,1655.71,Expense,Song difference part wall require.,2022
2022-03-14,Rent,807.66,Expense,Time surface learn design.,2022
2022-03-17,Investment,4411.0,Income,Station however bill memory production.,2022
2022-03-17,Entertainment,23.59,Expense,Positive participant fear blue as.,2022
2022-03-18,Income,1509.98,Expense,Technology end represent throughout.,2022
2022-03-18,Travel,1169.1,Expense,Change she tonight.,2022
2022-03-18,Travel,1310.83,Expense,Race return pretty young.,2022
2022-03-20,Food & Drink,1338.89,Expense,Identify say on yes.,2022
2022-03-20,Utilities,816.78,Expense,Risk develop movement size.,2022
2022-03-22,Travel,1383.68,Expense,Feel color price next.,2022
2022-03-23,Travel,741.41,Expense,Likely scientist.,2022
2022-03-23,Utilities,961.58,Expense,Water tonight pressure.,2022
2022-03-24,Health & Fitness,837.53,Expense,Development the inside thought.,2022
2022-03-25,Income,1517.13,Expense,One less brother.,2022
2022-03-26,Entertainment,1526.1,Expense,Oil per line create build.,2022
2022-03-27,Rent,1055.76,Expense,Fear approach take case customer.,2022
2022-03-28,Health & Fitness,165.42,Expense,Throughout would century television congress.,2022
2022-03-28,Food & Drink,1659.26,Expense,Forward would finish around.,2022
2022-03-28,Entertainment,1149.68,Expense,Decide similar office.,2022
2022-03-28,Other,4762.0,Income,Size sister can its.,2022
2022-03-29,Entertainment,1436.67,Expense,Investment local above move.,2022
2022-03-29,Income,1619.3,Expense,Throughout series.,2022
2022-03-31,Shopping,919.03,Expense,Adult above safe.,2022
2022-03-31,Other,3024.0,Income,Fine bill me fill.,2022
2022-03-31,Shopping,516.37,Expense,Fear fact.,2022
2022-04-01,Investment,1098.0,Income,Model its rather card you.,2022
2022-04-01,Other,1022.0,Income,Seek close trade speech.,2022
2022-04-01,Food & Drink,1869.82,Expense,Difference world deep.,2022
2022-04-01,Other,759.0,Income,Mean but represent society heart.,2022
2022-04-02,Utilities,1540.25,Expense,Perhaps order answer blue structure.,2022
2022-04-02,Shopping,755.18,Expense,Indicate herself.,2022
2022-04-03,Income,1740.54,Expense,Listen check receive.,2022
2022-04-03,Shopping,169.7,Expense,Inside big minute.,2022
2022-04-04,Utilities,1310.53,Expense,Store bit responsibility brother.,2022
2022-04-05,Utilities,1985.77,Expense,Marriage participant.,2022
2022-04-08,Utilities,1458.44,Expense,Win group important civil nature.,2022
2022-04-09,Food & Drink,1514.8,Expense,Former able public trade.,2022
2022-04-09,Income,1350.26,Expense,Chance bed memory rich.,2022
2022-04-10,Shopping,1648.49,Expense,Popular lead with.,2022
2022-04-10,Health & Fitness,318.69,Expense,Anyone spend them system.,2022
2022-04-16,Investment,763.0,Income,International break surface three.,2022
2022-04-18,Shopping,1233.7,Expense,Professional color group.,2022
2022-04-18,Food & Drink,488.93,Expense,Environmental run head garden box.,2022
2022-04-21,Investment,4157.0,Income,Even history surface son.,2022
2022-04-22,Food & Drink,497.02,Expense,Car risk.,2022
2022-04-22,Other,2419.0,Income,Indeed opportunity.,2022
2022-04-24,Food & Drink,288.87,Expense,Consider here grow agreement.,2022
2022-04-24,Entertainment,1633.41,Expense,Turn both in animal.,2022
2022-04-29,Health & Fitness,1159.17,Expense,Actually than modern season.,2022
2022-04-30,Health & Fitness,481.44,Expense,Within prove full.,2022
2022-05-02,Entertainment,832.98,Expense,Believe product eat generation put.,2022
2022-05-02,Utilities,1255.73,Expense,Stuff next write.,2022
2022-05-03,Income,103.3,Expense,Poor church.,2022
2022-05-05,Shopping,1573.75,Expense,Thank avoid man drive.,2022
2022-05-05,Shopping,822.44,Expense,Medical nearly.,2022
2022-05-06,Utilities,1511.29,Expense,Stage bad know of.,2022
2022-05-07,Entertainment,608.47,Expense,Language budget market president.,2022
2022-05-07,Income,1830.33,Expense,Include news a before.,2022
2022-05-07,Shopping,1119.0,Expense,None pressure lay future stay.,2022
2022-05-08,Investment,2588.0,Income,Forward should outside respond.,2022
2022-05-08,Rent,1845.23,Expense,Box service develop game.,2022
2022-05-09,Rent,1075.91,Expense,Miss reduce animal clearly cell.,2022
2022-05-09,Food & Drink,544.24,Expense,Effect cultural.,2022
2022-05-11,Food & Drink,1748.5,Expense,Democratic station course full.,2022
2022-05-13,Investment,4427.0,Income,Unit study.,2022
2022-05-13,Health & Fitness,613.34,Expense,Leader operation mean white.,2022
2022-05-14,Entertainment,1874.95,Expense,Save network item one under.,2022
2022-05-19,Rent,1496.29,Expense,Community spring billion price paper.,2022
2022-05-19,Entertainment,1394.3,Expense,Thing industry participant realize.,2022
2022-05-20,Shopping,1831.1,Expense,Huge garden family.,2022
2022-05-20,Travel,767.52,Expense,Include record security.,2022
2022-05-22,Health & Fitness,623.76,Expense,Team republican very plan cut.,2022
2022-05-23,Income,937.35,Expense,Tv car report window.,2022
2022-05-24,Income,1525.64,Expense,My pm report set.,2022
2022-05-24,Entertainment,747.7,Expense,Old wall report purpose.,2022
2022-05-25,Entertainment,1485.09,Expense,There institution actually.,2022
2022-05-27,Other,2918.0,Income,Herself apply.,2022
2022-05-28,Other,2384.0,Income,Environment size worker.,2022
2022-05-29,Entertainment,1003.61,Expense,Style real far.,2022
2022-05-29,Health & Fitness,522.08,Expense,Grow laugh.,2022
2022-05-30,Income,927.05,Expense,Score night down.,2022
2022-05-30,Health & Fitness,346.84,Expense,Unit hold.,2022
2022-05-31,Income,376.26,Expense,Approach season data than team.,2022
2022-06-01,Food & Drink,1052.65,Expense,Treatment relate positive.,2022
2022-06-01,Rent,1890.92,Expense,Cultural right cover large work.,2022
2022-06-04,Food & Drink,830.66,Expense,While same budget.,2022
2022-06-04,Entertainment,145.26,Expense,Evidence enough claim suffer.,2022
2022-06-06,Investment,4642.0,Income,Letter visit always up.,2022
2022-06-07,Food & Drink,1239.49,Expense,Past product make of group.,2022
2022-06-07,Income,1321.98,Expense,Detail contain attention measure indeed.,2022
2022-06-11,Other,597.0,Income,Begin determine degree forward.,2022
2022-06-11,Other,4888.0,Income,Despite sell most.,2022
2022-06-12,Food & Drink,1009.41,Expense,Boy generation.,2022
2022-06-12,Shopping,1614.27,Expense,Truth during always those high.,2022
2022-06-12,Rent,1836.92,Expense,Either rich agency might.,2022
2022-06-13,Entertainment,391.94,Expense,Sort knowledge analysis together court.,2022
2022-06-17,Health & Fitness,541.98,Expense,Way cold.,2022
2022-06-17,Health & Fitness,1919.0,Expense,Account assume prove similar ten.,2022
2022-06-18,Entertainment,1980.56,Expense,Day stock.,2022
2022-06-19,Rent,1310.93,Expense,Section child.,2022
2022-06-20,Food & Drink,196.07,Expense,Also available concern edge.,2022
2022-06-21,Income,121.67,Expense,Start treat imagine later identify.,2022
2022-06-21,Investment,1177.0,Income,Hope brother.,2022
2022-06-23,Shopping,1293.37,Expense,As second animal summer group.,2022
2022-06-23,Rent,1790.63,Expense,Face rate.,2022
2022-06-25,Entertainment,430.72,Expense,She join house.,2022
2022-06-25,Income,549.48,Expense,Choose detail section someone.,2022
2022-06-26,Travel,1799.63,Expense,Whether century quality.,2022
2022-06-26,Food & Drink,366.92,Expense,Network never.,2022
2022-06-30,Food & Drink,1923.32,Expense,Above others.,2022
2022-07-01,Shopping,1858.46,Expense,Water fight security tough gas.,2022
2022-07-02,Entertainment,1137.72,Expense,Central contain pattern education boy.,2022
2022-07-04,Health & Fitness,773.85,Expense,Surface usually.,2022
2022-07-04,Rent,1006.58,Expense,Popular available public economy.,2022
2022-07-04,Food & Drink,204.39,Expense,Maintain former campaign pretty beyond.,2022
2022-07-05,Rent,687.78,Expense,Fish late pattern.,2022
2022-07-06,Shopping,1938.15,Expense,Charge note space when collection.,2022
2022-07-13,Travel,1569.26,Expense,Size republican political.,2022
2022-07-17,Entertainment,718.06,Expense,Care run there leg.,2022
2022-07-17,Shopping,379.62,Expense,Main board population.,2022
2022-07-17,Shopping,180.53,Expense,Teach cause mrs.,2022
2022-07-18,Entertainment,1429.09,Expense,Baby away affect medical all.,2022
2022-07-18,Investment,3612.0,Income,If operation trade necessary myself.,2022
2022-07-19,Utilities,1481.91,Expense,President chance hotel through.,2022
2022-07-20,Rent,192.13,Expense,Let member however.,2022
2022-07-22,Income,726.24,Expense,Production summer.,2022
2022-07-25,Utilities,183.72,Expense,Cell city not not the.,2022
2022-07-27,Shopping,215.55,Expense,Voice american seven discussion.,2022
2022-07-27,Investment,3157.0,Income,Doctor protect military social.,2022
2022-07-27,Food & Drink,590.78,Expense,Truth thing always possible.,2022
2022-07-27,Rent,1452.44,Expense,Plant event score official now.,2022
2022-07-28,Entertainment,1148.2,Expense,Half president structure might.,2022
2022-07-28,Other,1888.0,Income,Might good test.,2022
2022-07-29,Other,2698.0,Income,Thought according think key.,2022
2022-07-30,Rent,342.74,Expense,Method exactly.,2022
2022-07-31,Travel,973.62,Expense,Church own stage.,2022
2022-08-02,Other,2520.0,Income,Specific result loss long.,2022
2022-08-02,Income,1191.67,Expense,Claim street against amount of.,2022
2022-08-03,Investment,1609.0,Income,Picture always occur.,2022
2022-08-04,Shopping,671.11,Expense,Election conference when.,2022
2022-08-06,Health & Fitness,886.04,Expense,These road.,2022
2022-08-07,Utilities,607.87,Expense,Describe paper.,2022
2022-08-12,Entertainment,963.23,Expense,Color store over some.,2022
2022-08-13,Other,3114.0,Income,Process enough right garden law.,2022
2022-08-15,Income,1935.85,Expense,Her car admit.,2022
2022-08-15,Health & Fitness,758.35,Expense,Range step painting concern.,2022
2022-08-16,Shopping,736.38,Expense,Me brother lot candidate owner.,2022
2022-08-16,Entertainment,1188.53,Expense,Miss have analysis morning.,2022
2022-08-17,Food & Drink,1906.48,Expense,Smile high open scientist.,2022
2022-08-18,Entertainment,882.53,Expense,International effort.,2022
2022-08-19,Rent,1639.74,Expense,Exist theory.,2022
2022-08-21,Shopping,1349.23,Expense,Country remember smile.,2022
2022-08-21,Other,2482.0,Income,Brother according pressure reach firm.,2022
2022-08-22,Utilities,1433.32,Expense,Choice prepare.,2022
2022-08-22,Rent,903.64,Expense,Talk interest hand.,2022
2022-08-23,Shopping,1073.39,Expense,Sense including six lot.,2022
2022-08-24,Shopping,1091.85,Expense,Never effect fill general relationship.,2022
2022-08-26,Health & Fitness,1406.25,Expense,Security land record.,2022
2022-08-26,Rent,227.65,Expense,Democrat hundred.,2022
2022-08-28,Health & Fitness,341.01,Expense,Pass range appear home player.,2022
2022-08-29,Shopping,1933.95,Expense,Likely outside because.,2022
2022-08-30,Shopping,220.83,Expense,He participant right.,2022
2022-08-31,Investment,4683.0,Income,Prevent expert white arm similar.,2022
2022-08-31,Entertainment,897.1,Expense,Keep cut prevent sound.,2022
2022-09-01,Utilities,696.49,Expense,Almost outside middle.,2022
2022-09-02,Investment,2920.0,Income,College already dream a church.,2022
2022-09-03,Rent,240.98,Expense,Good house only military.,2022
2022-09-03,Utilities,703.17,Expense,Near risk.,2022
2022-09-03,Entertainment,1047.02,Expense,Give white everybody paper create.,2022
2022-09-04,Rent,881.95,Expense,Above company media next me.,2022
2022-09-04,Health & Fitness,143.68,Expense,Sort what.,2022
2022-09-05,Investment,685.0,Income,Economic kind help low during.,2022
2022-09-06,Rent,1357.51,Expense,Race to television loss.,2022
2022-09-07,Investment,4727.0,Income,Him small.,2022
2022-09-08,Investment,3211.0,Income,Son include good.,2022
2022-09-10,Income,471.39,Expense,Red enjoy.,2022
2022-09-11,Utilities,380.91,Expense,Human see.,2022
2022-09-11,Shopping,68.09,Expense,Never condition.,2022
2022-09-12,Entertainment,904.65,Expense,Despite off consumer second.,2022
2022-09-14,Food & Drink,1412.42,Expense,Say dog drug enter.,2022
2022-09-15,Rent,1158.92,Expense,Strong student green.,2022
2022-09-15,Utilities,737.93,Expense,Turn put professional.,2022
2022-09-17,Investment,2649.0,Income,When summer he firm together.,2022
2022-09-18,Income,1060.15,Expense,Make worker trouble.,2022
2022-09-19,Shopping,1226.5,Expense,Develop office approach son.,2022
2022-09-19,Health & Fitness,710.45,Expense,Allow girl team simply lead.,2022
2022-09-21,Utilities,1629.34,Expense,Least ready activity decision ok.,2022
2022-09-23,Travel,1838.18,Expense,Party employee nature down.,2022
2022-09-26,Utilities,633.24,Expense,Gas contain interest industry sell.,2022
2022-09-26,Rent,374.26,Expense,Evidence conference capital office.,2022
2022-09-28,Shopping,842.3,Expense,Result sound.,2022
2022-09-29,Other,3965.0,Income,Task cultural son school.,2022
2022-09-29,Investment,1866.0,Income,Computer matter.,2022
2022-09-30,Utilities,382.33,Expense,Result size feel no nothing.,2022
2022-10-01,Food & Drink,1732.39,Expense,Real art.,2022
2022-10-02,Income,281.7,Expense,Stuff benefit seat employee.,2022
2022-10-03,Income,824.18,Expense,Newspaper special general in go.,2022
2022-10-04,Income,982.51,Expense,Office power company sister great.,2022
2022-10-04,Investment,2306.0,Income,Simple land bad party.,2022
2022-10-05,Travel,457.44,Expense,What than political up instead.,2022
2022-10-08,Income,1135.64,Expense,Support author class direction.,2022
2022-10-10,Income,1103.96,Expense,Report painting house.,2022
2022-10-12,Investment,2694.0,Income,Security minute late cold.,2022
2022-10-12,Health & Fitness,1088.67,Expense,Road product wait.,2022
2022-10-13,Income,1097.24,Expense,Cold billion as.,2022
2022-10-19,Rent,1474.62,Expense,Approach side model you billion.,2022
2022-10-19,Entertainment,602.44,Expense,Pressure those.,2022
2022-10-20,Income,533.0,Expense,Easy exist phone.,2022
2022-10-21,Rent,883.75,Expense,Stuff agreement professional team foot.,2022
2022-10-22,Entertainment,427.66,Expense,Window music evening know.,2022
2022-10-23,Health & Fitness,1723.49,Expense,Opportunity lead see.,2022
2022-10-25,Shopping,340.3,Expense,Model police finally girl.,2022
2022-10-28,Investment,2195.0,Income,Source kind hand.,2022
2022-10-30,Health & Fitness,1069.24,Expense,Field a spring.,2022
2022-10-31,Utilities,654.07,Expense,Expert movement reach man.,2022
2022-11-03,Travel,1149.74,Expense,Across involve fall.,2022
2022-11-04,Rent,279.82,Expense,Nature country.,2022
2022-11-05,Shopping,1838.35,Expense,House clear say hope.,2022
2022-11-07,Utilities,1405.84,Expense,Enjoy instead dream.,2022
2022-11-07,Investment,3138.0,Income,Possible mother especially.,2022
2022-11-09,Shopping,984.02,Expense,Consumer face.,2022
2022-11-10,Travel,1259.35,Expense,Laugh red man fly charge.,2022
2022-11-13,Rent,1270.92,Expense,Control bill.,2022
2022-11-14,Rent,811.67,Expense,Resource road do.,2022
2022-11-14,Health & Fitness,914.84,Expense,Management game.,2022
2022-11-15,Food & Drink,1739.13,Expense,Your less social form.,2022
2022-11-17,Rent,1464.55,Expense,Entire hotel.,2022
2022-11-17,Health & Fitness,1701.71,Expense,Consider time economic high.,2022
2022-11-18,Shopping,443.48,Expense,Window research his.,2022
2022-11-19,Entertainment,994.48,Expense,Scene almost leave.,2022
2022-11-21,Travel,682.13,Expense,Program decade home which view.,2022
2022-11-22,Income,1578.72,Expense,Rock seat near business loss.,2022
2022-11-26,Food & Drink,101.43,Expense,Growth appear project.,2022
2022-11-26,Income,42.4,Expense,Plan foot cold.,2022
2022-11-28,Utilities,888.16,Expense,Build smile across among situation.,2022
2022-11-28,Other,2157.0,Income,Choice side eat matter rather.,2022
2022-12-01,Utilities,1765.47,Expense,Art green child movie blue.,2022
2022-12-03,Travel,195.75,Expense,First next popular.,2022
2022-12-04,Rent,749.97,Expense,Run again help right.,2022
2022-12-05,Utilities,113.06,Expense,Magazine join.,2022
2022-12-05,Entertainment,864.17,Expense,Recent couple cost girl run.,2022
2022-12-07,Investment,508.0,Income,Trial never attention choice fast.,2022
2022-12-12,Rent,274.07,Expense,Happen a point here control.,2022
2022-12-13,Income,28.48,Expense,Task simply draw return probably.,2022
2022-12-15,Rent,1976.43,Expense,Couple raise she child.,2022
2022-12-16,Utilities,960.62,Expense,Important focus benefit probably.,2022
2022-12-18,Rent,1464.22,Expense,Condition all blood.,2022
2022-12-22,Other,3511.0,Income,All politics.,2022
2022-12-28,Utilities,771.61,Expense,Moment red eight hand.,2022
2022-12-30,Utilities,1286.74,Expense,Us decade.,2022
2022-12-31,Rent,1065.71,Expense,Life police.,2022
2023-01-03,Investment,4105.0,Income,Sea three state some around.,2023
2023-01-04,Entertainment,1259.88,Expense,American audience fight war whether.,2023
2023-01-04,Other,4124.0,Income,Rise mother.,2023
2023-01-06,Rent,1794.22,Expense,Moment eat personal.,2023
2023-01-09,Investment,3645.0,Income,See indeed black police group.,2023
2023-01-10,Shopping,635.86,Expense,Third coach congress husband.,2023
2023-01-11,Other,1190.0,Income,Move outside value.,2023
2023-01-13,Travel,1560.15,Expense,Yard foot he share issue.,2023
2023-01-15,Travel,418.84,Expense,Drive nation heart nearly season.,2023
2023-01-16,Entertainment,1498.21,Expense,Language however risk work.,2023
2023-01-17,Food & Drink,1569.77,Expense,Career three according worker democrat.,2023
2023-01-18,Entertainment,994.83,Expense,Sign wall.,2023
2023-01-19,Other,1081.0,Income,Memory number occur behind leave.,2023
2023-01-19,Food & Drink,1973.9,Expense,Enter threat economic.,2023
2023-01-19,Utilities,779.81,Expense,Begin hundred truth.,2023
2023-01-19,Shopping,737.17,Expense,Society common stay ready.,2023
2023-01-19,Income,1909.36,Expense,Organization feel.,2023
2023-01-20,Food & Drink,1178.85,Expense,Bad argue side girl.,2023
2023-01-21,Investment,826.0,Income,Us building side section.,2023
2023-01-21,Shopping,1018.16,Expense,Him fight american music change.,2023
2023-01-22,Shopping,852.91,Expense,Check purpose young.,2023
2023-01-23,Utilities,562.16,Expense,Offer bed it skill challenge.,2023
2023-01-23,Entertainment,1948.88,Expense,Live seat.,2023
2023-01-23,Other,3700.0,Income,Energy huge its recently.,2023
2023-01-24,Rent,627.24,Expense,Nice maintain present cultural.,2023
2023-01-24,Entertainment,125.23,Expense,Drug entire involve.,2023
2023-01-24,Other,1450.0,Income,Both including.,2023
2023-01-24,Food & Drink,625.49,Expense,Couple general pretty show.,2023
2023-01-24,Utilities,247.69,Expense,Pattern wrong kind certainly.,2023
2023-01-24,Food & Drink,336.03,Expense,Current health serious.,2023
2023-01-25,Travel,342.26,Expense,Science drug.,2023
2023-01-26,Other,1467.0,Income,Add really born.,2023
2023-01-27,Food & Drink,676.67,Expense,Age decade mrs data.,2023
2023-01-27,Rent,533.27,Expense,Nature performance yeah.,2023
2023-01-28,Rent,997.33,Expense,On professional analysis color.,2023
2023-01-29,Food & Drink,1004.22,Expense,Smile peace apply.,2023
2023-01-29,Health & Fitness,323.05,Expense,Home even.,2023
2023-01-30,Rent,464.52,Expense,Affect test.,2023
2023-01-31,Food & Drink,1718.79,Expense,Woman meet report.,2023
2023-01-31,Investment,4364.0,Income,Term mother cost may.,2023
2023-02-01,Utilities,366.13,Expense,Unit again easy morning four.,2023
2023-02-02,Food & Drink,1110.2,Expense,Adult range green.,2023
2023-02-03,Shopping,456.79,Expense,You without every.,2023
2023-02-06,Health & Fitness,549.8,Expense,Election hit yourself wrong want.,2023
2023-02-07,Other,1478.0,Income,Charge today prevent.,2023
2023-02-07,Food & Drink,366.9,Expense,Minute question their rather.,2023
2023-02-08,Food & Drink,1908.62,Expense,Of interview fine.,2023
2023-02-08,Other,2812.0,Income,My deal catch must.,2023
2023-02-09,Travel,661.33,Expense,Finally relate model.,2023
2023-02-12,Food & Drink,744.15,Expense,Yet wish certain usually.,2023
2023-02-13,Travel,1481.76,Expense,Attack mouth rest contain.,2023
2023-02-15,Health & Fitness,1187.46,Expense,She they.,2023
2023-02-16,Entertainment,1467.6,Expense,Field seat start pm.,2023
2023-02-18,Entertainment,309.63,Expense,Single blood continue.,2023
2023-02-20,Food & Drink,473.67,Expense,Note discuss discussion reach grow.,2023
2023-02-20,Food & Drink,1902.47,Expense,Maybe painting republican.,2023
2023-02-22,Other,3019.0,Income,System man case.,2023
2023-02-22,Investment,3939.0,Income,Allow share address.,2023
2023-02-24,Food & Drink,1945.39,Expense,Development provide dark daughter.,2023
2023-02-26,Other,1262.0,Income,Term majority foot leader.,2023
2023-02-26,Investment,4757.0,Income,If among save herself.,2023
2023-02-26,Health & Fitness,922.33,Expense,Particularly score order modern.,2023
2023-02-28,Rent,1015.8,Expense,Body lead there there early.,2023
2023-03-03,Shopping,158.91,Expense,Worker always hold share.,2023
2023-03-03,Shopping,1328.26,Expense,Fact huge fight.,2023
2023-03-05,Other,2638.0,Income,Coach family try ready.,2023
2023-03-05,Shopping,1404.44,Expense,Stop later reveal both.,2023
2023-03-05,Health & Fitness,910.99,Expense,Career including late condition opportunity.,2023
2023-03-07,Entertainment,280.86,Expense,Bed food possible represent.,2023
2023-03-08,Rent,319.27,Expense,Before relationship plant.,2023
2023-03-08,Other,3072.0,Income,Religious risk window partner civil.,2023
2023-03-08,Health & Fitness,1929.62,Expense,Analysis color friend the.,2023
2023-03-08,Travel,932.06,Expense,Than condition republican.,2023
2023-03-10,Rent,323.65,Expense,Finally shoulder land.,2023
2023-03-10,Food & Drink,437.89,Expense,Together whether about.,2023
2023-03-12,Utilities,191.51,Expense,Learn talk.,2023
2023-03-13,Health & Fitness,798.53,Expense,Part management.,2023
2023-03-13,Other,2631.0,Income,Process law kind over according.,2023
2023-03-13,Utilities,71.85,Expense,People newspaper stay.,2023
2023-03-15,Income,1116.35,Expense,Challenge president already.,2023
2023-03-15,Rent,929.47,Expense,Study fear turn any indicate.,2023
2023-03-16,Utilities,251.69,Expense,Public particularly reality.,2023
2023-03-16,Investment,1570.0,Income,Concern lay often use behavior.,2023
2023-03-18,Other,3549.0,Income,Happy her attack interview.,2023
2023-03-18,Rent,1168.82,Expense,Fall care.,2023
2023-03-21,Rent,53.38,Expense,Money modern receive partner.,2023
2023-03-22,Other,1555.0,Income,Role pick would low read.,2023
2023-03-23,Other,1503.0,Income,Participant first moment yet.,2023
2023-03-23,Other,914.0,Income,Pass market role.,2023
2023-03-23,Other,3735.0,Income,Space this discussion fact.,2023
2023-03-24,Shopping,1369.59,Expense,Brother let.,2023
2023-03-27,Investment,2033.0,Income,Son yourself increase.,2023
2023-03-29,Income,1768.01,Expense,Night point action cut.,2023
2023-03-30,Investment,2917.0,Income,So film media.,2023
2023-03-31,Income,131.35,Expense,Box four.,2023
2023-03-31,Utilities,844.28,Expense,Pattern ahead compare form full.,2023
2023-04-01,Entertainment,1265.2,Expense,Something population loss physical.,2023
2023-04-01,Food & Drink,1978.91,Expense,Leg sport until argue.,2023
2023-04-04,Health & Fitness,964.57,Expense,North question new.,2023
2023-04-07,Health & Fitness,1826.23,Expense,Officer forward trouble.,2023
2023-04-08,Shopping,548.17,Expense,Wide exactly.,2023
2023-04-09,Investment,740.0,Income,Worker phone success number.,2023
2023-04-10,Travel,126.6,Expense,Organization ten seem.,2023
2023-04-10,Health & Fitness,1536.02,Expense,Even beautiful.,2023
2023-04-13,Utilities,209.27,Expense,Later week democratic few.,2023
2023-04-15,Travel,1072.04,Expense,Size sing tree kitchen.,2023
2023-04-16,Food & Drink,1530.46,Expense,Toward child future low.,2023
2023-04-20,Shopping,716.06,Expense,Simply century the.,2023
2023-04-20,Utilities,360.44,Expense,Day already hold.,2023
2023-04-21,Health & Fitness,1828.82,Expense,About usually.,2023
2023-04-22,Other,1664.0,Income,Level animal minute probably.,2023
2023-04-22,Entertainment,1675.03,Expense,Officer fine.,2023
2023-04-23,Income,1088.83,Expense,Customer expert mother significant.,2023
2023-04-24,Investment,1239.0,Income,Chance event address.,2023
2023-04-25,Investment,663.0,Income,Bill my near even wall.,2023
2023-05-02,Food & Drink,670.15,Expense,Each author party full kitchen.,2023
2023-05-02,Utilities,688.11,Expense,Likely push.,2023
2023-05-03,Other,987.0,Income,Approach interview condition other.,2023
2023-05-05,Investment,1408.0,Income,Green forward cup serve speak.,2023
2023-05-05,Health & Fitness,1921.51,Expense,Nothing behavior sort recognize.,2023
2023-05-05,Shopping,1176.17,Expense,Financial popular short like.,2023
2023-05-07,Health & Fitness,281.54,Expense,Technology pay tree.,2023
2023-05-12,Other,4491.0,Income,Record professor small.,2023
2023-05-14,Utilities,1417.29,Expense,Maintain assume both long.,2023
2023-05-14,Health & Fitness,454.24,Expense,Should page camera.,2023
2023-05-14,Utilities,762.98,Expense,Stage someone for power.,2023
2023-05-15,Travel,263.42,Expense,Leave opportunity draw during city.,2023
2023-05-15,Shopping,1703.01,Expense,At decade really issue.,2023
2023-05-16,Food & Drink,372.34,Expense,Skin name door production back.,2023
2023-05-17,Entertainment,1282.9,Expense,Boy other foot best.,2023
2023-05-18,Other,1652.0,Income,Final image our.,2023
2023-05-19,Rent,483.61,Expense,Management produce bed stage.,2023
2023-05-20,Utilities,1276.01,Expense,Serious produce.,2023
2023-05-20,Health & Fitness,898.79,Expense,Factor past language day theory.,2023
2023-05-20,Entertainment,1389.42,Expense,Some quickly truth view response.,2023
2023-05-22,Rent,1443.62,Expense,Old particularly.,2023
2023-05-22,Other,3937.0,Income,Summer system artist too.,2023
2023-05-22,Shopping,991.23,Expense,Reflect star.,2023
2023-05-25,Shopping,211.84,Expense,Technology tend.,2023
2023-05-28,Entertainment,333.69,Expense,Reduce hour fish him.,2023
2023-05-29,Investment,2915.0,Income,Nation production little could.,2023
2023-05-29,Other,1357.0,Income,Style child young prove.,2023
2023-05-30,Investment,3575.0,Income,Author administration.,2023
2023-06-02,Investment,4981.0,Income,Window career case south.,2023
2023-06-03,Rent,682.52,Expense,Us perhaps lawyer interest star.,2023
2023-06-04,Income,1411.96,Expense,Difficult interesting account marriage.,2023
2023-06-05,Utilities,1218.56,Expense,Especially unit office almost.,2023
2023-06-08,Food & Drink,211.5,Expense,Low happy oil which bag.,2023
2023-06-08,Entertainment,824.47,Expense,Let back three.,2023
2023-06-09,Travel,1324.59,Expense,Line score whether.,2023
2023-06-09,Rent,108.77,Expense,Something fine apply gas sing.,2023
2023-06-10,Income,315.64,Expense,Mention light safe inside.,2023
2023-06-10,Shopping,184.38,Expense,Cold reason our.,2023
2023-06-13,Income,407.35,Expense,Employee picture official of prevent.,2023
2023-06-15,Investment,2890.0,Income,Agree machine camera baby six.,2023
2023-06-16,Income,1689.1,Expense,Past every either.,2023
2023-06-16,Shopping,947.18,Expense,Company option character land space.,2023
2023-06-17,Travel,191.36,Expense,Machine son television.,2023
2023-06-17,Utilities,748.33,Expense,Whose other.,2023
2023-06-19,Utilities,897.09,Expense,Sell include himself produce.,2023
2023-06-21,Income,534.17,Expense,Official success approach.,2023
2023-06-22,Food & Drink,310.75,Expense,Apply less.,2023
2023-06-22,Rent,180.56,Expense,Live way two.,2023
2023-06-23,Shopping,1941.7,Expense,Raise hope enjoy most.,2023
2023-06-25,Food & Drink,1683.19,Expense,Eye something.,2023
2023-06-25,Shopping,1931.6,Expense,Which raise american truth.,2023
2023-06-25,Income,1149.7,Expense,Particular present evening establish.,2023
2023-06-26,Travel,167.12,Expense,Pressure hospital significant.,2023
2023-06-30,Food & Drink,1009.18,Expense,Side mind question year finish.,2023
2023-07-01,Utilities,249.36,Expense,Story activity.,2023
2023-07-02,Utilities,1898.63,Expense,Billion land detail exist cover.,2023
2023-07-05,Investment,2078.0,Income,Begin voice prevent structure wear.,2023
2023-07-05,Other,1141.0,Income,Beat painting heavy.,2023
2023-07-06,Shopping,411.82,Expense,To receive education.,2023
2023-07-07,Utilities,1669.88,Expense,Police two.,2023
2023-07-07,Rent,183.18,Expense,Realize property show either.,2023
2023-07-10,Health & Fitness,1714.68,Expense,Since him four.,2023
2023-07-10,Food & Drink,1575.24,Expense,Western enough key.,2023
2023-07-10,Shopping,233.91,Expense,Particular condition man.,2023
2023-07-10,Investment,1365.0,Income,Shoulder despite poor tree resource.,2023
2023-07-11,Rent,1573.63,Expense,Authority number.,2023
2023-07-13,Health & Fitness,1757.01,Expense,Affect marriage present a.,2023
2023-07-15,Income,1148.33,Expense,Entire record toward off.,2023
2023-07-15,Utilities,558.07,Expense,Long identify road speech.,2023
2023-07-15,Other,817.0,Income,Difficult his ready sister building.,2023
2023-07-15,Health & Fitness,1384.12,Expense,Four field area young.,2023
2023-07-15,Other,2700.0,Income,Movement which ball least.,2023
2023-07-16,Food & Drink,682.35,Expense,Computer always his.,2023
2023-07-17,Travel,567.89,Expense,Receive to piece.,2023
2023-07-18,Rent,1945.27,Expense,Be plan same cause.,2023
2023-07-19,Travel,1948.7,Expense,Rest or.,2023
2023-07-19,Health & Fitness,546.15,Expense,As music film move.,2023
2023-07-20,Rent,383.99,Expense,Already argue.,2023
2023-07-21,Shopping,1484.48,Expense,Brother southern project learn.,2023
2023-07-23,Health & Fitness,1643.82,Expense,Scientist do author.,2023
2023-07-25,Utilities,140.58,Expense,President likely truth animal.,2023
2023-07-26,Shopping,279.94,Expense,Common anyone.,2023
2023-07-27,Food & Drink,355.74,Expense,Lay color.,2023
2023-07-27,Entertainment,1675.58,Expense,Box organization.,2023
2023-07-30,Income,110.61,Expense,Source international.,2023
2023-08-01,Entertainment,555.22,Expense,Building range national focus.,2023
2023-08-04,Shopping,1274.47,Expense,Or friend.,2023
2023-08-05,Investment,2481.0,Income,Center indeed recent.,2023
2023-08-07,Income,363.39,Expense,Just understand american.,2023
2023-08-07,Health & Fitness,695.06,Expense,Partner sing administration main according.,2023
2023-08-09,Travel,1500.43,Expense,Religious order.,2023
2023-08-09,Travel,64.63,Expense,Really society live camera.,2023
2023-08-10,Investment,2313.0,Income,Mission include visit.,2023
2023-08-10,Entertainment,545.48,Expense,Conference matter wear physical site.,2023
2023-08-11,Food & Drink,1730.61,Expense,Above dog brother morning.,2023
2023-08-16,Food & Drink,953.45,Expense,Gun seven music despite show.,2023
2023-08-17,Investment,569.0,Income,Apply both chance.,2023
2023-08-17,Travel,1428.35,Expense,Computer prove amount population.,2023
2023-08-21,Travel,853.38,Expense,Itself free source.,2023
2023-08-22,Health & Fitness,923.41,Expense,Bit appear.,2023
2023-08-23,Travel,1357.62,Expense,Citizen ahead method.,2023
2023-08-25,Shopping,1173.13,Expense,Return or for.,2023
2023-08-27,Other,2815.0,Income,Discover body direction down.,2023
2023-08-30,Rent,968.66,Expense,Heart determine likely.,2023
2023-08-30,Travel,1284.78,Expense,Three certain.,2023
2023-08-30,Travel,1315.68,Expense,Hold carry rest.,2023
2023-08-30,Travel,384.84,Expense,Dark camera realize.,2023
2023-09-01,Entertainment,1800.38,Expense,Carry surface learn.,2023
2023-09-01,Shopping,1324.46,Expense,Detail far church some.,2023
2023-09-03,Food & Drink,1314.25,Expense,Wife talk beat tax majority.,2023
2023-09-04,Travel,1814.75,Expense,List leg address into their.,2023
2023-09-04,Food & Drink,1170.22,Expense,Its develop until watch.,2023
2023-09-04,Entertainment,692.9,Expense,Individual analysis.,2023
2023-09-07,Income,1813.99,Expense,Almost most look something.,2023
2023-09-10,Travel,1692.38,Expense,Manager bar send really.,2023
2023-09-11,Utilities,594.63,Expense,Car fast positive.,2023
2023-09-11,Travel,1453.12,Expense,Look fight.,2023
2023-09-12,Utilities,1894.38,Expense,Section agency lawyer sign them.,2023
2023-09-12,Rent,452.28,Expense,Smile have less.,2023
2023-09-13,Travel,846.74,Expense,Audience throw four allow international.,2023
2023-09-14,Health & Fitness,528.51,Expense,My some skin ball thing.,2023
2023-09-14,Rent,946.37,Expense,War push thousand book half.,2023
2023-09-14,Rent,949.72,Expense,Hand possible relate night.,2023
2023-09-15,Investment,3626.0,Income,Wonder draw box.,2023
2023-09-15,Shopping,117.58,Expense,That reflect send set fly.,2023
2023-09-16,Utilities,1984.77,Expense,Quite everyone as generation.,2023
2023-09-16,Income,295.02,Expense,Money but report question.,2023
2023-09-21,Utilities,1560.09,Expense,Later happy pull.,2023
2023-09-21,Utilities,633.69,Expense,Throughout leader bag.,2023
2023-09-23,Other,2740.0,Income,When baby clearly.,2023
2023-09-24,Utilities,1156.8,Expense,Many themselves minute.,2023
2023-09-28,Investment,1560.0,Income,Indicate radio use.,2023
2023-09-29,Shopping,812.75,Expense,Information scene again country.,2023
2023-10-03,Shopping,19.29,Expense,Strong mind from.,2023
2023-10-04,Health & Fitness,1900.64,Expense,Pretty skin main program.,2023
2023-10-04,Entertainment,45.65,Expense,Knowledge fight car smile commercial.,2023
2023-10-05,Investment,2353.0,Income,Machine wife show.,2023
2023-10-06,Health & Fitness,631.06,Expense,Good lay coach.,2023
2023-10-08,Other,1868.0,Income,Expect win stuff realize project.,2023
2023-10-08,Investment,2942.0,Income,Draw american first.,2023
2023-10-08,Income,1458.39,Expense,Employee continue none alone.,2023
2023-10-09,Health & Fitness,872.99,Expense,Challenge large wish move.,2023
2023-10-09,Utilities,692.04,Expense,Identify material.,2023
2023-10-11,Health & Fitness,1502.73,Expense,Until choose wife national.,2023
2023-10-13,Other,656.0,Income,Positive far time wide.,2023
2023-10-14,Utilities,430.27,Expense,Son rock two.,2023
2023-10-14,Investment,1508.0,Income,Rule too.,2023
2023-10-15,Food & Drink,756.63,Expense,Bring agent pay detail group.,2023
2023-10-15,Food & Drink,1191.91,Expense,Part crime.,2023
2023-10-16,Investment,661.0,Income,Sit short cultural.,2023
2023-10-17,Investment,3914.0,Income,Support quality whatever wish hour.,2023
2023-10-17,Rent,1099.09,Expense,Owner memory argue project.,2023
2023-10-27,Utilities,418.93,Expense,Respond into history.,2023
2023-10-27,Food & Drink,609.22,Expense,General final knowledge.,2023
2023-10-29,Travel,1249.37,Expense,Democratic thousand.,2023
2023-10-30,Shopping,1663.0,Expense,Eye south wife interest.,2023
2023-10-30,Investment,2815.0,Income,Structure our century.,2023
2023-11-04,Investment,4577.0,Income,Write moment friend value.,2023
2023-11-05,Investment,2654.0,Income,According police.,2023
2023-11-08,Entertainment,722.26,Expense,Company left nothing trip.,2023
2023-11-08,Utilities,88.42,Expense,Strategy face make.,2023
2023-11-08,Entertainment,1379.53,Expense,Fight nice less agree able.,2023
2023-11-09,Entertainment,15.45,Expense,What strong line.,2023
2023-11-09,Rent,1672.11,Expense,Conference trade population agreement.,2023
2023-11-11,Utilities,1899.4,Expense,Yes at seat ok.,2023
2023-11-11,Rent,1449.89,Expense,Than physical live reason.,2023
2023-11-13,Other,2393.0,Income,Mention offer suddenly clear.,2023
2023-11-14,Travel,535.61,Expense,Floor there career.,2023
2023-11-14,Investment,823.0,Income,Evening information.,2023
2023-11-15,Health & Fitness,1605.18,Expense,Face morning.,2023
2023-11-17,Rent,199.05,Expense,Create physical share out cold.,2023
2023-11-18,Food & Drink,29.25,Expense,Step rate feeling rate.,2023
2023-11-21,Investment,3192.0,Income,Move goal.,2023
2023-11-21,Income,1910.63,Expense,Carry example.,2023
2023-11-22,Rent,751.52,Expense,Future treat bill choice.,2023
2023-11-23,Rent,807.55,Expense,Somebody next ready.,2023
2023-11-23,Travel,1673.06,Expense,Republican reduce sort individual trouble.,2023
2023-11-26,Income,1601.8,Expense,Type look find.,2023
2023-11-26,Utilities,234.98,Expense,Stage threat our.,2023
2023-11-26,Food & Drink,1963.32,Expense,Report agreement sport.,2023
2023-11-26,Rent,837.9,Expense,Task central dinner.,2023
2023-11-27,Income,370.71,Expense,Candidate bad real.,2023
2023-11-27,Health & Fitness,1226.6,Expense,Affect machine.,2023
2023-11-28,Utilities,971.33,Expense,Cultural allow.,2023
2023-11-28,Shopping,886.97,Expense,Arrive budget education at property.,2023
2023-11-29,Other,601.0,Income,Turn day top.,2023
2023-12-05,Entertainment,1956.01,Expense,Ahead certainly second everyone.,2023
2023-12-05,Health & Fitness,1043.01,Expense,Goal talk sit party.,2023
2023-12-06,Rent,871.37,Expense,Attention standard shake more respond.,2023
2023-12-08,Income,698.04,Expense,Top mr wind.,2023
2023-12-09,Shopping,305.82,Expense,Turn surface listen.,2023
2023-12-09,Food & Drink,33.17,Expense,Pull blue strong wonder.,2023
2023-12-10,Income,1705.22,Expense,Method imagine seven.,2023
2023-12-11,Rent,1505.35,Expense,Letter mind many.,2023
2023-12-13,Health & Fitness,1940.59,Expense,News american foreign.,2023
2023-12-14,Investment,3601.0,Income,Exist outside find wish.,2023
2023-12-14,Entertainment,166.87,Expense,Network fact talk.,2023
2023-12-18,Income,185.16,Expense,Thus sort.,2023
2023-12-20,Health & Fitness,246.23,Expense,Actually purpose public.,2023
2023-12-21,Food & Drink,214.26,Expense,Mission put budget house.,2023
2023-12-22,Food & Drink,1653.56,Expense,Ask window full.,2023
2023-12-23,Travel,1781.32,Expense,Do interesting material.,2023
2023-12-25,Income,1901.21,Expense,Event smile popular hundred live.,2023
2023-12-26,Food & Drink,1635.01,Expense,Memory challenge lawyer business.,2023
2023-12-27,Health & Fitness,1124.7,Expense,Discuss wall ahead scene.,2023
2023-12-29,Income,1436.15,Expense,Question will him quickly.,2023
2023-12-29,Income,236.91,Expense,Perform benefit baby.,2023
2023-12-29,Entertainment,14.37,Expense,Society dark product make.,2023
2024-01-02,Travel,1099.9,Expense,Gas teacher national weight all.,2024
2024-01-02,Rent,101.1,Expense,Himself fire heavy.,2024
2024-01-04,Investment,3852.0,Income,Allow news.,2024
2024-01-04,Investment,2036.0,Income,Man care resource.,2024
2024-01-07,Other,2266.0,Income,Notice make.,2024
2024-01-09,Entertainment,1436.41,Expense,Occur live take media hot.,2024
2024-01-09,Other,880.0,Income,Wife pay good within fly.,2024
2024-01-10,Rent,1546.57,Expense,And student give score agree.,2024
2024-01-11,Utilities,1928.07,Expense,Best generation group goal.,2024
2024-01-11,Investment,4045.0,Income,Doctor fine be.,2024
2024-01-11,Income,1849.5,Expense,Boy college mrs.,2024
2024-01-12,Utilities,1386.72,Expense,Price institution method inside.,2024
2024-01-13,Investment,1348.0,Income,Onto worry help hope.,2024
2024-01-14,Health & Fitness,1013.18,Expense,Space beyond.,2024
2024-01-15,Entertainment,554.46,Expense,Market specific property coach.,2024
2024-01-16,Travel,911.16,Expense,Wide cut player wind.,2024
2024-01-16,Other,4696.0,Income,Degree enter father of source.,2024
2024-01-16,Health & Fitness,1426.63,Expense,Behind front attack song little.,2024
2024-01-17,Entertainment,409.77,Expense,Somebody prepare few sound.,2024
2024-01-19,Travel,1376.36,Expense,Finish increase economy middle public.,2024
2024-01-19,Utilities,1962.86,Expense,Thing physical might.,2024
2024-01-19,Utilities,1012.75,Expense,Material produce station visit environmental.,2024
2024-01-19,Health & Fitness,1423.6,Expense,Table trade various risk art.,2024
2024-01-20,Income,1169.78,Expense,Leg drive second she.,2024
2024-01-22,Shopping,1351.74,Expense,Five store ask data.,2024
2024-01-23,Travel,1756.18,Expense,Statement position either.,2024
2024-01-24,Food & Drink,1050.23,Expense,Draw change agree someone.,2024
2024-01-25,Investment,934.0,Income,Magazine yard instead town.,2024
2024-01-26,Entertainment,541.29,Expense,Evening ahead smile.,2024
2024-01-26,Travel,1369.95,Expense,Compare system white magazine after.,2024
2024-01-26,Investment,2917.0,Income,Own test too imagine.,2024
2024-01-27,Food & Drink,723.78,Expense,However style.,2024
2024-01-28,Entertainment,1487.4,Expense,Born same usually.,2024
2024-01-30,Entertainment,1026.74,Expense,Wear use edge this draw.,2024
2024-02-01,Travel,1388.94,Expense,Forget once hope security.,2024
2024-02-06,Other,3674.0,Income,Design blood degree ever.,2024
2024-02-07,Health & Fitness,1932.01,Expense,Television argue mouth.,2024
2024-02-07,Other,2163.0,Income,Nation little east everyone.,2024
2024-02-10,Income,1661.67,Expense,Little happy final population.,2024
2024-02-10,Health & Fitness,1512.66,Expense,Real small.,2024
2024-02-10,Entertainment,1554.53,Expense,Need finally when.,2024
2024-02-14,Travel,903.14,Expense,Movement door kind.,2024
2024-02-14,Rent,382.08,Expense,Until truth feeling view.,2024
2024-02-15,Investment,3590.0,Income,Decision three trouble.,2024
2024-02-16,Other,2664.0,Income,Smile ever bag single.,2024
2024-02-17,Other,546.0,Income,Say unit four institution.,2024
2024-02-19,Utilities,89.48,Expense,Recognize media goal.,2024
2024-02-21,Food & Drink,1549.59,Expense,Law agree appear political.,2024
2024-02-21,Travel,986.2,Expense,Able customer figure.,2024
2024-02-21,Health & Fitness,155.03,Expense,Book economic.,2024
2024-02-22,Entertainment,1914.41,Expense,Rate society floor long same.,2024
2024-02-23,Utilities,837.7,Expense,Reach step son.,2024
2024-02-23,Rent,705.31,Expense,Increase consider.,2024
2024-02-24,Health & Fitness,668.82,Expense,Difference way type positive phone.,2024
2024-02-24,Income,1993.3,Expense,Cup red collection husband.,2024
2024-02-25,Food & Drink,238.3,Expense,Employee become happy water bring.,2024
2024-02-27,Entertainment,1809.95,Expense,Significant up still management.,2024
2024-02-27,Entertainment,1918.2,Expense,Course technology site.,2024
2024-02-27,Health & Fitness,768.93,Expense,High issue deal democratic.,2024
2024-02-28,Rent,777.89,Expense,Industry impact certainly.,2024
2024-02-29,Travel,59.16,Expense,Dog late eat.,2024
2024-03-02,Health & Fitness,1033.48,Expense,Beat light the window.,2024
2024-03-03,Income,97.26,Expense,Require remain save.,2024
2024-03-05,Entertainment,647.42,Expense,Believe arrive.,2024
2024-03-05,Investment,1871.0,Income,Likely great paper.,2024
2024-03-06,Food & Drink,1257.6,Expense,Effect people.,2024
2024-03-06,Entertainment,1731.25,Expense,Provide car throughout american.,2024
2024-03-06,Rent,419.1,Expense,College manage fund.,2024
2024-03-07,Shopping,1296.66,Expense,Bed report item.,2024
2024-03-07,Utilities,57.27,Expense,Finish without.,2024
2024-03-08,Food & Drink,184.17,Expense,Security unit executive.,2024
2024-03-11,Other,1077.0,Income,Stop unit might job close.,2024
2024-03-13,Entertainment,1822.86,Expense,New type pm.,2024
2024-03-15,Income,1264.13,Expense,Country approach.,2024
2024-03-16,Food & Drink,785.11,Expense,Like clear.,2024
2024-03-18,Investment,1018.0,Income,Break time manager kid.,2024
2024-03-26,Food & Drink,1404.76,Expense,Leader both rest challenge.,2024
2024-03-27,Investment,2874.0,Income,Data exist.,2024
2024-03-28,Travel,1217.07,Expense,State none production defense your.,2024
2024-03-29,Income,769.01,Expense,Short congress turn east marriage.,2024
2024-03-30,Food & Drink,953.24,Expense,Ago race quite hour.,2024
2024-03-30,Utilities,1496.04,Expense,Child ball store process.,2024
2024-04-03,Travel,1920.67,Expense,Western order accept wide prevent.,2024
2024-04-04,Other,591.0,Income,Water yourself trade someone.,2024
2024-04-06,Utilities,255.24,Expense,Tell soon executive.,2024
2024-04-07,Other,4900.0,Income,Natural own.,2024
2024-04-08,Rent,616.34,Expense,Effort drive side human.,2024
2024-04-09,Health & Fitness,431.36,Expense,Clear single expect.,2024
2024-04-09,Utilities,330.3,Expense,Fear song save.,2024
2024-04-10,Travel,396.71,Expense,Capital program story mention majority.,2024
2024-04-10,Investment,4996.0,Income,Environmental outside bed institution.,2024
2024-04-11,Rent,588.4,Expense,Control piece behavior message wind.,2024
2024-04-13,Investment,2117.0,Income,Us money positive.,2024
2024-04-16,Income,1903.56,Expense,Life bad soon.,2024
2024-04-17,Entertainment,209.09,Expense,Worker range feel.,2024
2024-04-17,Entertainment,642.39,Expense,Into notice necessary true message.,2024
2024-04-17,Travel,1389.98,Expense,Including let result spend.,2024
2024-04-18,Other,3091.0,Income,One shoulder administration.,2024
2024-04-20,Utilities,19.62,Expense,Skill successful and.,2024
2024-04-21,Entertainment,1427.28,Expense,Finish right serious.,2024
2024-04-22,Travel,1681.82,Expense,Space game truth special decision.,2024
2024-04-23,Other,4431.0,Income,Else pull its adult house.,2024
2024-04-25,Health & Fitness,1551.79,Expense,Pretty least if.,2024
2024-04-26,Rent,359.78,Expense,Peace wind guess.,2024
2024-04-26,Travel,1718.84,Expense,Because career course.,2024
2024-04-30,Investment,2656.0,Income,Teacher decide possible.,2024
2024-05-02,Rent,1457.58,Expense,Success teach mrs beat.,2024
2024-05-03,Food & Drink,1627.16,Expense,Listen against coach.,2024
2024-05-04,Entertainment,1813.54,Expense,White likely teacher one.,2024
2024-05-04,Income,1311.28,Expense,Notice street anything.,2024
2024-05-05,Other,2329.0,Income,Piece require.,2024
2024-05-05,Travel,276.42,Expense,Say other never fact.,2024
2024-05-14,Rent,799.6,Expense,Main opportunity particularly question.,2024
2024-05-15,Entertainment,1697.48,Expense,Research month instead.,2024
2024-05-17,Utilities,1516.84,Expense,As throughout individual list manager.,2024
2024-05-20,Investment,1967.0,Income,Recently again explain court.,2024
2024-05-22,Utilities,1474.48,Expense,Discussion detail training fund.,2024
2024-05-23,Health & Fitness,90.44,Expense,Third rich hospital.,2024
2024-05-25,Entertainment,135.09,Expense,Somebody son suddenly perform.,2024
2024-05-26,Food & Drink,1340.49,Expense,Project can.,2024
2024-05-27,Health & Fitness,782.31,Expense,Paper beyond indeed.,2024
2024-05-27,Food & Drink,89.41,Expense,Doctor news yourself.,2024
2024-05-31,Rent,1410.44,Expense,Ground city still.,2024
2024-06-01,Travel,1671.4,Expense,Southern front.,2024
2024-06-02,Utilities,759.55,Expense,Dinner no main year size.,2024
2024-06-02,Rent,1038.16,Expense,Environment character real middle prove.,2024
2024-06-03,Entertainment,1037.58,Expense,Sometimes while sense window.,2024
2024-06-04,Health & Fitness,978.85,Expense,Among black picture that treat.,2024
2024-06-06,Food & Drink,1008.66,Expense,Remain seven marriage.,2024
2024-06-07,Investment,2384.0,Income,Positive free case.,2024
2024-06-09,Other,2232.0,Income,Wide shoulder according strong.,2024
2024-06-10,Investment,3467.0,Income,Expert commercial entire resource.,2024
2024-06-12,Rent,1325.61,Expense,Picture early send morning.,2024
2024-06-13,Health & Fitness,1443.31,Expense,Soon including important.,2024
2024-06-13,Income,963.25,Expense,Some gun ahead certainly act.,2024
2024-06-14,Shopping,54.67,Expense,Be fire.,2024
2024-06-15,Investment,1603.0,Income,Article service produce political.,2024
2024-06-16,Food & Drink,1782.69,Expense,Within woman.,2024
2024-06-17,Investment,2615.0,Income,Information though red.,2024
2024-06-21,Shopping,1202.72,Expense,Training account evidence month.,2024
2024-06-21,Food & Drink,1758.23,Expense,Land day name small.,2024
2024-06-22,Travel,1895.04,Expense,Thought sit identify culture.,2024
2024-06-23,Income,1735.93,Expense,Already free.,2024
2024-06-23,Other,1669.0,Income,Yeah exist behavior necessary miss.,2024
2024-06-23,Utilities,1250.19,Expense,Agreement someone.,2024
2024-06-23,Utilities,1451.13,Expense,Strategy fight institution.,2024
2024-06-23,Income,1197.1,Expense,Rule success.,2024
2024-07-01,Other,3657.0,Income,Medical buy series walk large.,2024
2024-07-05,Investment,2157.0,Income,Law work.,2024
2024-07-06,Shopping,1654.76,Expense,Research visit program suddenly doctor.,2024
2024-07-07,Utilities,956.98,Expense,Project spring of.,2024
2024-07-07,Food & Drink,1756.73,Expense,Mind easy foreign old.,2024
2024-07-07,Rent,195.45,Expense,Better republican stock bank.,2024
2024-07-07,Food & Drink,1794.97,Expense,Thousand live land hard.,2024
2024-07-13,Shopping,1048.87,Expense,Open million house enough.,2024
2024-07-13,Food & Drink,1398.31,Expense,You ready way rule.,2024
2024-07-16,Income,1581.22,Expense,Certain camera represent.,2024
2024-07-20,Rent,856.72,Expense,Tell brother defense list second.,2024
2024-07-21,Entertainment,1821.07,Expense,Tv budget system book.,2024
2024-07-22,Other,2611.0,Income,Face mission brother figure hear.,2024
2024-07-23,Investment,4780.0,Income,Agreement central six instead.,2024
2024-07-23,Investment,3572.0,Income,Democratic standard major.,2024
2024-07-25,Health & Fitness,823.6,Expense,Give that individual of not.,2024
2024-07-26,Other,2577.0,Income,Little result paper seven.,2024
2024-07-26,Shopping,1133.69,Expense,Seven project chance road.,2024
2024-07-26,Shopping,1512.39,Expense,Professor important do house must.,2024
2024-07-26,Income,365.65,Expense,Position tend religious.,2024
2024-07-27,Income,515.02,Expense,Someone religious night buy nice.,2024
2024-07-27,Health & Fitness,1550.65,Expense,My serious whatever miss seek.,2024
2024-07-27,Utilities,1711.45,Expense,Build view.,2024
2024-07-28,Entertainment,898.72,Expense,Ever day.,2024
2024-07-28,Utilities,209.55,Expense,Be move fly open.,2024
2024-07-29,Health & Fitness,1603.7,Expense,Future congress.,2024
2024-07-29,Food & Drink,329.87,Expense,Fish either boy between collection.,2024
2024-07-29,Food & Drink,1610.7,Expense,Eight bed fill.,2024
2024-07-30,Income,1852.46,Expense,Arrive which consider.,2024
2024-07-30,Rent,533.55,Expense,Hope floor include.,2024
2024-08-01,Food & Drink,1451.74,Expense,Heart still building.,2024
2024-08-02,Shopping,1231.79,Expense,Sell only manage.,2024
2024-08-02,Food & Drink,1891.97,Expense,We especially five network.,2024
2024-08-03,Income,883.55,Expense,Ahead plant trial affect.,2024
2024-08-03,Travel,397.55,Expense,Push east never size fight.,2024
2024-08-08,Entertainment,1234.23,Expense,Base player data whose.,2024
2024-08-09,Health & Fitness,486.12,Expense,World site mr interest treatment.,2024
2024-08-11,Investment,1211.0,Income,A let.,2024
2024-08-14,Shopping,712.72,Expense,A value lot.,2024
2024-08-14,Entertainment,1040.31,Expense,Yourself successful defense subject.,2024
2024-08-14,Rent,1839.16,Expense,Claim move.,2024
2024-08-15,Health & Fitness,701.48,Expense,Bed recognize store.,2024
2024-08-22,Entertainment,1216.66,Expense,There decision measure.,2024
2024-08-23,Other,538.0,Income,Play woman remain event.,2024
2024-08-25,Shopping,1017.41,Expense,Decision where foreign trial.,2024
2024-08-25,Travel,686.53,Expense,Participant above.,2024
2024-08-25,Other,4906.0,Income,Including time reflect.,2024
2024-08-27,Travel,1391.44,Expense,Ball theory prepare much throughout.,2024
2024-08-27,Income,1542.23,Expense,Good spend still.,2024
2024-08-28,Income,1366.37,Expense,Concern should recent across.,2024
2024-08-28,Food & Drink,969.12,Expense,View know develop after.,2024
2024-08-28,Shopping,1270.99,Expense,Course staff personal space.,2024
2024-08-30,Entertainment,1602.32,Expense,Woman whose already.,2024
2024-09-01,Health & Fitness,1037.84,Expense,Decide cultural start how thank.,2024
2024-09-02,Other,2533.0,Income,Management necessary process not.,2024
2024-09-05,Shopping,1350.66,Expense,Assume campaign assume.,2024
2024-09-05,Rent,1113.56,Expense,Talk thing rock ever summer.,2024
2024-09-05,Other,3396.0,Income,Pass quite third ability interview.,2024
2024-09-05,Travel,373.74,Expense,Item yet ever quite.,2024
2024-09-06,Entertainment,1003.01,Expense,Guess service this different.,2024
2024-09-07,Investment,2674.0,Income,Mother first hot free.,2024
2024-09-08,Entertainment,1671.53,Expense,Wrong difficult.,2024
2024-09-10,Health & Fitness,320.43,Expense,True culture.,2024
2024-09-13,Investment,4535.0,Income,As personal agreement.,2024
2024-09-15,Food & Drink,1697.54,Expense,Or phone.,2024
2024-09-16,Health & Fitness,989.76,Expense,East list when.,2024
2024-09-17,Travel,986.7,Expense,Mind door authority outside.,2024
2024-09-17,Travel,801.78,Expense,Personal often.,2024
2024-09-17,Utilities,117.75,Expense,True help.,2024
2024-09-18,Income,1879.91,Expense,Artist sort area.,2024
2024-09-21,Other,3725.0,Income,Big argue.,2024
2024-09-22,Utilities,919.82,Expense,Sure i pay.,2024
2024-09-23,Other,3085.0,Income,Ten skin perhaps.,2024
2024-09-24,Food & Drink,1351.47,Expense,Less into per big.,2024
2024-09-25,Rent,657.62,Expense,Military onto blue activity.,2024
2024-09-26,Travel,382.43,Expense,Smile cover of pm eight.,2024
2024-09-26,Travel,947.98,Expense,Right know during someone.,2024
2024-09-27,Health & Fitness,375.99,Expense,Find job where.,2024
2024-09-27,Shopping,1404.42,Expense,On must certainly.,2024
2024-10-01,Shopping,566.46,Expense,Owner fact wife.,2024
2024-10-01,Investment,2372.0,Income,Price certain down standard nice.,2024
2024-10-02,Travel,1610.13,Expense,Gas with policy cut.,2024
2024-10-02,Shopping,400.17,Expense,Country little reality level.,2024
2024-10-03,Utilities,951.24,Expense,Not friend federal forget bit.,2024
2024-10-04,Other,4592.0,Income,Detail about development discover.,2024
2024-10-04,Other,4486.0,Income,Lose shoulder spring.,2024
2024-10-07,Food & Drink,802.82,Expense,Hundred step according.,2024
2024-10-08,Food & Drink,438.78,Expense,Group never.,2024
2024-10-09,Rent,905.21,Expense,Key place tree.,2024
2024-10-10,Health & Fitness,727.01,Expense,Wish current.,2024
2024-10-10,Travel,694.84,Expense,Despite energy company.,2024
2024-10-11,Health & Fitness,1736.06,Expense,Condition again successful.,2024
2024-10-12,Entertainment,1157.94,Expense,Story case.,2024
2024-10-15,Utilities,1958.95,Expense,Very figure drive special.,2024
2024-10-17,Health & Fitness,1349.65,Expense,With young think there assume.,2024
2024-10-17,Income,1780.37,Expense,Some court her.,2024
2024-10-18,Travel,932.87,Expense,Outside with each animal.,2024
2024-10-19,Utilities,1284.76,Expense,Take family chance.,2024
2024-10-19,Shopping,1266.23,Expense,Picture evidence.,2024
2024-10-21,Rent,167.43,Expense,Why though decide bank likely.,2024
2024-10-21,Health & Fitness,640.59,Expense,Meet seem population.,2024
2024-10-21,Travel,1214.72,Expense,Material less focus hear.,2024
2024-10-23,Income,1564.14,Expense,Listen ok point so.,2024
2024-10-24,Income,833.84,Expense,Detail data tell.,2024
2024-10-28,Investment,1524.0,Income,Fill thousand number.,2024
2024-11-01,Travel,1881.47,Expense,Nearly care base.,2024
2024-11-02,Rent,429.04,Expense,Goal once let perform international.,2024
2024-11-03,Rent,136.95,Expense,Important source first him.,2024
2024-11-03,Food & Drink,62.47,Expense,Doctor population grow bar.,2024
2024-11-11,Rent,216.82,Expense,National back everybody direction budget.,2024
2024-11-11,Rent,1313.12,Expense,National free.,2024
2024-11-12,Travel,466.42,Expense,Few spring raise.,2024
2024-11-13,Income,1256.7,Expense,Relationship your your.,2024
2024-11-13,Investment,734.0,Income,Across federal state.,2024
2024-11-13,Other,3164.0,Income,State serious activity pressure.,2024
2024-11-13,Income,1950.21,Expense,Dinner rich decide do.,2024
2024-11-14,Travel,1101.61,Expense,Serious reveal left social fine.,2024
2024-11-14,Investment,4240.0,Income,Show recently decide last.,2024
2024-11-16,Shopping,1051.69,Expense,Hear officer.,2024
2024-11-17,Travel,1818.76,Expense,Wall act special.,2024
2024-11-17,Entertainment,1611.37,Expense,Different international sell several.,2024
2024-11-17,Health & Fitness,830.29,Expense,For age size.,2024
2024-11-17,Investment,500.0,Income,With yes nothing.,2024
2024-11-18,Utilities,694.33,Expense,Woman daughter hospital move.,2024
2024-11-18,Food & Drink,1378.66,Expense,Board notice later thus.,2024
2024-11-19,Income,606.22,Expense,Bit need allow.,2024
2024-11-20,Travel,1198.04,Expense,Cost attorney.,2024
2024-11-20,Health & Fitness,385.26,Expense,Day fact modern.,2024
2024-11-22,Shopping,795.56,Expense,Happy action.,2024
2024-11-23,Other,3599.0,Income,Hospital writer can industry.,2024
2024-11-24,Rent,850.26,Expense,Western tend candidate day.,2024
2024-11-24,Travel,576.51,Expense,City offer financial data.,2024
2024-11-24,Travel,831.68,Expense,Cut yard knowledge.,2024
2024-11-25,Utilities,281.88,Expense,Space moment travel these least.,2024
2024-11-25,Other,4209.0,Income,Say explain.,2024
2024-11-25,Income,383.7,Expense,Red republican father party.,2024
2024-11-26,Investment,4882.0,Income,Eat tonight run leader.,2024
2024-11-29,Investment,2811.0,Income,Believe recognize analysis those citizen.,2024
2024-11-30,Income,1456.94,Expense,Project at risk.,2024
2024-12-02,Utilities,39.3,Expense,In seven building hard.,2024
2024-12-05,Shopping,630.04,Expense,Short for late education.,2024
2024-12-06,Health & Fitness,932.73,Expense,Left available.,2024
2024-12-09,Health & Fitness,169.64,Expense,Gas human create also.,2024
2024-12-11,Utilities,121.52,Expense,Remember carry.,2024
2024-12-12,Rent,1090.95,Expense,Leave bar prevent require.,2024
2024-12-12,Other,3625.0,Income,Likely evidence claim.,2024
2024-12-15,Rent,1949.45,Expense,Beyond family movement hospital back.,2024
2024-12-16,Shopping,1544.74,Expense,Child group describe.,2024
2024-12-19,Food & Drink,406.37,Expense,Democratic recent student specific political.,2024
2024-12-19,Rent,1047.07,Expense,Real know our any.,2024
2024-12-21,Income,784.35,Expense,Up hear draw.,2024
2024-12-23,Health & Fitness,325.64,Expense,Instead writer.,2024
2024-12-28,Rent,514.09,Expense,Quite as when.,2024
2024-12-28,Entertainment,727.25,Expense,Right analysis mention.,2024
2024-12-28,Investment,1425.0,Income,No couple debate must.,2024
2024-12-29,Shopping,655.78,Expense,Discussion black follow.,2024
2024-12-29,Other,1480.0,Income,Pressure activity defense detail.,2024
